N,P,K,temperature,humidity,ph,rainfall,label,yield
104.17,11.05,60.85,25.93,90.75,6.52,66.78,watermelon,35226.3
26.05,132.65,194.48,23.18,78.94,6.24,59.3,grapes,24584.91
25.64,21.5,7.04,19.78,88.99,6.72,116.47,orange,10829.81
21.95,14.84,11.78,27.05,90.92,7.24,95.09,orange,12213.25
103.11,19.41,52.21,27.64,86.13,6.22,32.1,muskmelon,17462.25
114.34,83.53,53.31,24.0,85.97,6.39,65.03,banana,37497.67
93.16,12.52,55.29,26.61,95.59,6.76,27.78,muskmelon,17511.77
20.08,63.13,23.23,28.04,36.4,6.03,148.52,pigeonpeas,2446.88
17.84,54.22,26.14,27.33,44.03,6.63,45.0,mothbeans,1094.49
40.29,66.03,10.45,30.94,74.86,7.14,77.14,blackgram,1199.86
14.49,45.86,24.82,30.6,89.8,6.16,59.83,mungbean,1007.62
49.97,58.88,47.4,36.26,92.89,6.73,149.77,papaya,48802.34
20.36,72.57,15.06,27.23,60.18,6.96,45.9,lentil,1505.09
103.4,41.46,43.37,22.0,73.0,6.92,72.0,cotton,3500.16
50.86,68.48,40.42,32.93,91.05,6.98,149.1,papaya,36251.46
20.22,66.56,20.75,24.32,65.97,6.89,51.11,lentil,1438.01
121.5,14.99,55.42,26.56,89.39,6.28,24.74,muskmelon,17098.02
69.37,54.42,47.61,19.46,65.97,6.65,63.72,wheat,4494.08
19.22,17.16,11.64,24.01,97.06,6.9,82.72,orange,13380.31
112.94,6.86,47.35,25.19,80.46,6.37,47.82,watermelon,27302.52
85.48,40.28,37.91,26.92,85.15,6.56,164.78,jute,3155.67
18.07,17.41,9.41,18.02,94.81,7.33,146.76,orange,12944.64
26.3,143.61,172.08,20.47,92.73,5.9,84.19,apple,14809.46
20.51,16.4,6.61,22.72,95.47,7.34,123.37,orange,11167.92
79.99,50.18,22.02,24.47,59.64,6.34,108.85,maize,5660.05
99.89,42.79,44.28,26.29,63.98,6.7,78.36,cotton,2824.16
18.15,42.1,20.17,25.62,57.63,6.77,49.22,mothbeans,1435.36
23.03,145.73,200.26,23.59,94.15,5.96,107.56,apple,14581.2
24.97,71.23,8.14,24.08,22.89,5.47,108.14,kidneybeans,2375.89
79.4,31.79,34.88,22.49,75.76,6.82,157.1,rice,4873.85
10.81,64.61,17.6,20.25,59.21,6.31,45.62,lentil,1624.44
24.04,65.08,16.25,27.56,42.12,6.35,137.67,pigeonpeas,2399.86
134.42,45.22,36.54,21.95,69.96,6.68,100.8,cotton,2413.62
37.48,67.14,23.57,32.56,67.85,7.03,90.47,blackgram,1097.31
116.79,44.21,47.68,26.39,65.36,6.49,85.18,cotton,2763.0
21.97,54.55,19.63,27.63,87.96,6.73,45.1,mungbean,1556.0
138.48,38.23,46.12,20.78,63.41,6.49,96.05,cotton,2199.91
85.22,46.85,27.27,19.32,68.46,5.7,119.39,maize,8439.96
85.83,46.74,17.01,24.84,73.69,6.49,86.71,maize,6299.0
39.63,65.74,81.95,15.73,14.61,7.69,82.44,chickpea,1539.04
16.05,18.02,6.96,24.57,91.53,6.54,100.39,orange,12693.78
106.13,78.63,56.36,28.18,76.47,6.01,87.12,banana,41821.06
17.25,42.24,20.55,28.77,79.12,6.98,31.3,mungbean,1275.68
77.83,40.67,47.59,19.63,57.57,6.82,59.64,wheat,5886.19
22.0,53.47,22.4,26.28,63.89,6.86,49.53,mothbeans,1473.48
86.68,56.59,42.97,23.42,56.59,6.44,43.17,wheat,4452.86
22.48,73.35,14.0,15.37,24.57,5.45,64.63,kidneybeans,2426.86
58.44,60.83,52.6,35.8,90.12,6.25,146.0,papaya,29288.08
82.93,8.83,65.2,23.06,90.74,6.32,55.09,watermelon,27182.55
90.73,57.0,52.62,20.18,46.77,6.85,80.9,wheat,5500.74
17.74,45.25,18.42,28.54,88.58,6.68,49.16,mungbean,1493.45
91.16,54.48,42.05,22.92,78.36,6.69,181.76,jute,3434.46
20.09,26.94,26.43,29.91,52.14,5.28,106.86,mango,9936.89
17.88,51.73,20.16,29.38,58.44,7.01,53.73,mothbeans,1088.79
86.78,50.2,46.44,26.68,81.19,6.57,165.31,jute,3086.54
34.02,72.47,88.93,23.49,16.77,7.71,107.22,chickpea,1390.07
21.62,16.98,27.19,26.62,95.99,5.8,201.18,coconut,6015.97
106.74,15.22,50.96,30.92,91.38,6.54,23.79,muskmelon,12187.6
15.87,18.39,34.68,21.84,92.54,6.66,71.63,pomegranate,12810.59
11.18,50.3,25.24,27.84,93.72,6.96,54.68,mungbean,1560.78
25.19,127.36,165.12,23.53,87.14,5.88,69.42,grapes,21574.34
58.92,61.01,53.13,35.33,89.11,6.65,190.51,papaya,32969.88
45.89,74.56,24.32,30.61,63.84,6.64,97.15,blackgram,974.53
18.12,117.36,208.36,25.49,89.01,6.17,114.87,apple,11180.08
17.99,21.01,11.47,20.18,92.09,7.74,85.15,orange,13136.85
14.28,72.1,19.68,20.15,22.22,5.65,128.83,kidneybeans,2515.49
22.1,120.75,197.38,20.55,93.07,5.9,123.62,apple,14840.84
73.87,46.06,41.43,23.67,85.29,7.01,194.69,rice,5242.4
95.42,11.58,51.26,23.19,91.53,5.99,57.84,watermelon,24642.83
15.03,62.92,13.06,16.8,18.35,5.75,87.14,kidneybeans,2578.12
103.1,10.44,58.34,21.94,92.79,6.52,54.89,watermelon,33278.79
47.92,53.79,52.92,32.71,87.75,7.37,134.95,papaya,34341.18
110.68,45.97,41.15,31.68,64.19,6.6,94.16,cotton,3193.62
21.44,19.03,33.51,15.96,90.45,6.44,87.46,pomegranate,8288.23
24.51,49.2,16.67,28.74,85.62,6.98,56.77,mungbean,1456.05
16.72,11.58,8.31,21.55,90.0,7.39,113.59,orange,15165.21
22.45,14.92,47.95,21.57,89.98,6.38,79.31,pomegranate,11949.38
23.69,19.14,31.1,28.65,93.25,5.75,201.93,coconut,8358.81
22.61,146.06,189.3,23.48,70.32,6.52,52.94,grapes,21660.71
22.79,133.49,209.42,21.42,90.0,5.62,154.9,apple,14466.68
101.97,48.41,43.62,24.06,82.71,6.59,177.9,jute,3433.93
76.19,44.75,26.61,24.84,62.0,5.07,105.15,maize,6471.29
79.76,48.99,39.28,21.85,79.27,5.98,183.7,rice,5416.56
18.53,75.26,27.64,27.84,42.96,5.17,119.56,pigeonpeas,1699.37
24.55,118.56,207.8,21.98,93.7,5.65,97.64,apple,14329.39
98.18,74.47,40.53,26.68,81.63,6.33,60.03,banana,35956.89
70.95,55.84,36.76,21.66,84.3,6.67,167.42,jute,3168.55
19.76,71.56,35.56,29.62,43.76,5.67,139.93,pigeonpeas,1504.3
25.99,53.64,14.35,26.35,90.96,6.66,26.8,mungbean,1052.93
18.99,68.42,23.43,24.63,65.33,6.82,46.81,lentil,1765.53
88.69,48.03,48.14,23.84,50.96,6.52,54.6,wheat,5507.53
21.1,71.96,17.15,29.7,41.85,6.24,149.28,pigeonpeas,1989.44
24.29,11.28,29.27,30.02,97.83,6.16,185.74,coconut,8293.58
25.71,15.98,13.91,24.98,90.65,6.4,105.64,orange,10828.31
30.49,65.37,20.16,18.66,22.67,5.18,94.08,kidneybeans,2102.77
24.79,77.04,22.53,25.89,46.72,5.89,190.36,pigeonpeas,1656.74
44.21,66.15,50.93,16.88,14.88,7.01,54.44,chickpea,1630.08
88.56,44.38,32.29,27.81,86.85,6.5,198.03,jute,3269.9
19.43,48.65,8.1,24.34,88.08,7.01,39.9,mungbean,1284.98
46.8,67.26,16.72,31.75,65.39,7.05,55.49,blackgram,843.37
48.28,56.24,50.26,35.66,91.55,6.67,177.55,papaya,39573.59
63.08,55.65,39.21,22.15,76.94,5.17,224.7,rice,5384.61
23.66,129.48,188.49,17.71,92.31,5.61,115.93,apple,10096.18
106.37,13.12,46.6,25.2,85.2,6.58,35.45,watermelon,28043.81
21.47,141.99,190.88,23.73,85.93,6.35,61.14,grapes,27641.48
46.71,64.29,75.15,21.69,23.06,7.67,59.8,chickpea,2170.71
22.56,133.03,192.13,22.1,79.24,5.77,78.8,grapes,19142.12
16.31,15.89,41.93,23.24,89.6,6.56,109.29,pomegranate,11513.53
19.25,66.37,14.79,17.66,23.39,5.53,111.33,kidneybeans,2283.61
20.81,68.51,20.75,25.18,52.02,5.87,163.66,pigeonpeas,1633.53
20.3,21.22,42.49,17.12,89.53,6.15,102.95,pomegranate,12532.29
107.74,42.46,42.15,26.22,68.2,6.77,92.24,cotton,3014.28
18.52,20.97,35.77,27.09,99.85,5.78,183.01,coconut,7443.27
20.68,67.23,10.93,23.96,65.51,7.25,61.88,lentil,1363.4
16.31,68.91,22.3,20.39,18.94,5.76,134.24,kidneybeans,2779.75
84.52,42.31,18.99,21.99,67.99,6.33,70.32,maize,7325.0
89.25,45.17,47.76,19.99,44.21,7.25,88.16,wheat,4939.98
52.44,59.1,51.55,33.27,88.62,6.33,140.42,papaya,37236.42
16.84,63.42,21.25,19.12,64.08,6.84,32.36,lentil,1296.38
93.56,50.07,49.38,21.45,75.78,5.11,244.88,rice,5710.85
15.13,71.52,13.46,16.8,20.11,5.92,101.06,kidneybeans,2316.85
12.58,31.36,25.26,33.51,49.55,6.05,117.7,mango,9812.6
27.6,48.54,15.47,29.92,88.32,6.39,52.81,mungbean,1636.09
50.21,70.06,55.67,31.77,90.14,6.99,121.78,papaya,38399.42
66.69,50.37,15.37,23.11,60.41,5.79,79.1,maize,7988.85
13.7,53.96,23.38,24.57,98.55,6.68,40.23,mungbean,1008.47
55.92,68.09,56.98,34.72,88.99,6.58,146.2,papaya,30742.4
77.98,46.69,40.99,25.25,43.78,6.15,64.22,wheat,5232.15
19.76,18.02,42.71,19.38,94.67,6.8,80.1,pomegranate,9756.7
11.84,70.4,14.72,29.65,43.19,6.01,171.12,pigeonpeas,2279.85
12.47,18.74,44.43,18.1,87.23,6.86,117.66,pomegranate,10049.56
37.49,72.88,85.16,20.94,19.57,7.17,68.04,chickpea,1531.67
15.27,71.02,11.91,24.69,61.85,6.68,31.54,lentil,1422.73
66.89,49.23,22.49,24.28,72.9,5.49,68.78,maize,5927.03
55.28,51.64,48.9,33.49,95.12,6.73,154.7,papaya,34877.86
16.47,136.46,186.23,19.02,88.21,5.9,141.22,apple,13502.61
18.03,68.89,26.15,21.21,19.45,6.45,110.3,kidneybeans,3055.41
23.24,21.08,44.04,20.76,94.54,6.43,106.37,pomegranate,11141.71
17.03,18.71,40.52,21.05,87.75,6.41,107.04,pomegranate,9813.23
103.33,17.05,51.16,30.63,90.29,6.62,24.65,muskmelon,18351.29
34.35,80.06,95.16,19.81,18.22,7.44,58.72,chickpea,1576.05
114.36,11.8,49.18,27.09,100.0,6.53,36.88,watermelon,24572.09
30.5,53.12,28.22,28.78,58.84,6.58,44.56,mothbeans,655.51
28.05,69.14,23.18,26.36,41.9,5.63,146.52,pigeonpeas,1789.46
52.97,53.99,46.75,32.1,90.19,7.16,103.58,papaya,37641.61
97.48,46.63,49.39,17.49,60.73,5.91,79.65,wheat,5216.54
116.68,17.29,47.63,24.53,93.02,6.54,17.42,muskmelon,16994.6
55.28,58.89,49.92,35.14,94.88,7.18,106.88,papaya,39110.85
40.06,82.34,63.31,21.18,17.48,7.73,79.62,chickpea,1363.78
23.43,67.29,25.83,29.06,37.11,5.64,137.76,pigeonpeas,2181.98
29.0,51.52,22.67,28.33,46.09,6.65,59.42,mothbeans,988.19
36.19,66.5,27.88,29.9,61.37,6.74,72.99,blackgram,905.29
19.94,114.64,193.38,21.73,83.16,5.8,85.67,grapes,25219.97
16.82,53.49,24.34,27.01,55.88,6.35,52.85,mothbeans,1404.07
22.67,72.2,26.09,22.11,24.62,5.61,93.57,kidneybeans,2674.62
19.9,67.46,26.1,17.85,19.71,6.01,93.09,kidneybeans,2946.83
11.27,70.47,21.92,19.18,25.02,5.36,127.56,kidneybeans,2531.54
36.84,69.27,88.2,17.9,19.36,7.35,70.05,chickpea,1685.13
78.61,43.38,56.21,23.03,46.56,7.63,89.73,wheat,4469.78
111.45,37.66,47.92,25.04,66.05,6.81,72.84,cotton,2246.42
84.2,44.82,14.05,20.75,64.08,5.7,40.89,maize,7790.67
87.78,12.47,45.9,30.88,93.0,6.68,28.69,muskmelon,14987.69
18.17,133.48,186.91,22.33,95.4,5.75,117.0,apple,14332.01
23.36,17.65,29.47,25.86,94.76,6.05,131.46,coconut,7530.3
68.02,57.82,40.18,21.6,83.07,5.94,193.37,rice,5948.4
48.07,57.82,53.57,34.46,94.39,6.61,154.29,papaya,41317.54
23.05,26.3,28.29,28.69,48.15,4.7,83.2,mango,10137.95
41.67,74.5,23.34,28.57,70.89,6.91,49.46,blackgram,1112.33
30.41,140.05,212.14,24.59,74.48,5.69,75.82,grapes,20808.4
28.81,31.45,27.65,29.99,44.93,5.51,70.35,mango,9664.34
21.94,27.0,34.13,29.51,45.8,5.5,83.56,mango,11051.01
23.76,44.33,18.5,24.75,85.93,6.69,41.71,mungbean,1388.56
18.2,68.63,31.53,21.2,68.98,7.4,42.75,lentil,1689.82
83.21,51.23,22.78,22.18,64.01,5.92,81.1,maize,8401.7
57.28,69.82,50.31,34.1,90.62,6.96,117.69,papaya,22832.44
82.54,45.78,58.85,19.47,50.62,6.78,75.65,wheat,5787.87
37.08,62.57,20.15,28.72,72.42,6.78,47.01,blackgram,762.76
10.44,32.33,32.42,30.92,54.53,5.26,81.71,mango,9235.54
23.42,129.67,195.03,24.16,82.2,6.23,67.19,grapes,21327.98
128.54,49.76,41.36,23.45,63.83,6.93,75.81,cotton,2894.76
77.13,46.21,34.09,24.87,87.84,6.57,144.07,jute,3458.86
53.76,38.81,37.6,26.15,68.29,7.18,179.26,jute,3726.64
34.87,73.5,90.61,19.6,19.08,8.03,73.0,chickpea,1365.75
116.7,40.98,43.83,25.48,70.88,6.02,78.86,cotton,2625.24
23.34,71.36,21.92,26.01,49.25,5.45,143.94,pigeonpeas,2494.17
39.12,71.34,80.98,21.89,15.84,7.72,70.08,chickpea,1726.54
22.27,22.24,39.85,21.28,93.33,6.05,100.54,pomegranate,13016.42
35.98,66.06,75.86,16.57,14.23,7.46,64.59,chickpea,929.46
53.58,56.94,41.39,34.07,91.75,6.71,163.75,papaya,38754.31
20.15,13.44,8.66,30.96,95.06,7.26,97.54,orange,14029.8
18.35,20.15,12.38,24.36,90.52,6.71,111.64,orange,12229.04
26.98,45.02,11.63,27.78,53.17,6.85,64.62,mothbeans,1182.82
104.33,80.51,47.6,27.78,78.66,5.67,161.03,banana,39901.31
15.05,70.86,16.38,26.53,60.14,6.87,40.45,lentil,1312.47
23.36,131.91,215.49,21.38,70.58,5.94,76.03,grapes,21596.64
50.43,62.93,76.39,19.25,17.84,7.21,89.83,chickpea,2250.18
93.71,43.27,48.63,25.82,45.0,6.16,82.71,wheat,4890.26
91.31,22.48,40.61,24.79,90.54,6.56,32.96,muskmelon,14985.87
31.24,39.87,17.22,28.07,90.69,6.82,52.1,mungbean,1077.73
77.28,40.41,18.21,23.78,67.88,6.25,86.0,maize,7108.42
20.71,31.81,32.3,32.83,50.67,5.9,79.06,mango,9423.68
18.66,28.04,19.1,30.89,41.6,5.34,91.26,mango,11058.38
17.25,18.62,33.27,24.7,93.57,6.44,98.91,pomegranate,12713.61
22.12,12.82,28.52,30.37,92.73,6.08,182.86,coconut,7041.82
77.31,51.59,47.51,23.15,90.14,5.31,148.9,rice,5490.42
17.92,71.14,28.32,24.53,62.21,7.04,40.56,lentil,1408.8
33.49,48.23,16.79,33.65,46.41,6.81,52.8,mothbeans,1371.56
18.34,20.61,40.12,19.04,88.16,5.91,147.54,pomegranate,12501.45
110.02,41.34,40.23,31.45,74.03,6.72,65.59,cotton,3054.8
14.66,47.16,20.34,24.51,54.66,6.49,68.11,mothbeans,1338.68
81.51,48.25,46.39,26.23,51.91,6.72,90.45,wheat,5073.31
65.54,48.27,16.45,19.48,63.91,5.85,133.53,maize,7091.74
75.05,51.48,18.33,24.35,66.85,5.95,93.95,maize,5835.46
73.5,48.0,23.01,19.11,53.52,5.72,60.59,maize,6494.99
95.77,15.79,61.39,31.64,93.4,6.84,13.87,muskmelon,13844.59
73.49,45.56,37.04,21.27,82.24,5.58,208.11,rice,5784.95
41.17,66.76,92.01,18.42,12.1,7.16,70.21,chickpea,1796.76
20.3,17.85,10.58,20.22,94.81,7.44,128.76,orange,14461.95
76.7,44.77,34.0,20.84,84.09,6.77,197.55,jute,3224.58
24.66,54.27,24.0,32.12,87.79,6.65,52.43,mungbean,1608.69
30.71,71.02,82.98,19.92,21.17,7.61,75.22,chickpea,1399.09
89.04,73.16,52.17,26.55,71.59,6.14,76.21,banana,42010.58
95.4,81.78,51.37,25.8,85.35,5.94,89.25,banana,45508.73
50.77,63.36,50.25,33.96,94.15,6.55,147.98,papaya,35591.94
18.1,17.94,11.69,21.3,92.05,6.81,143.03,orange,12600.15
124.81,16.51,49.58,25.34,89.57,7.07,22.39,muskmelon,19431.79
67.28,40.23,24.09,22.75,60.49,5.57,107.51,maize,5977.15
14.39,69.13,23.15,23.4,68.4,6.69,24.85,lentil,1431.81
74.71,51.66,21.68,22.63,67.35,5.23,100.14,maize,7826.0
98.34,15.36,46.98,28.49,84.69,6.0,54.83,watermelon,27203.72
101.44,18.05,58.91,27.26,91.91,6.94,25.74,muskmelon,19476.1
95.14,13.48,45.12,22.32,92.64,6.86,54.32,watermelon,26728.45
107.01,8.17,50.72,23.37,89.11,6.54,38.75,watermelon,28681.36
97.34,81.18,56.82,26.12,83.06,6.01,101.96,banana,52985.39
91.44,72.51,50.91,23.29,82.31,5.97,127.69,banana,38422.28
23.98,14.29,27.23,22.84,93.41,6.21,173.88,coconut,7872.51
54.28,56.63,45.93,31.78,87.66,6.71,126.55,papaya,39032.89
22.99,67.2,18.78,24.11,64.38,6.84,57.43,lentil,1601.35
62.87,54.77,39.43,25.48,74.03,5.7,200.16,rice,5323.02
96.64,10.44,42.83,28.86,84.49,6.46,40.35,watermelon,28090.47
76.81,53.87,35.09,23.5,75.76,6.26,151.57,jute,3511.46
18.66,15.93,9.61,24.91,88.63,6.81,71.68,orange,14757.94
16.7,65.13,22.68,30.07,45.96,6.07,151.47,pigeonpeas,2135.68
88.67,59.19,46.88,18.95,49.9,6.35,87.0,wheat,3997.55
101.22,82.7,46.35,27.49,73.79,5.72,117.92,banana,39584.86
105.25,8.24,43.59,24.86,80.48,6.74,58.15,watermelon,21412.13
22.96,54.48,16.85,19.02,23.9,5.71,76.89,kidneybeans,2069.25
16.39,48.04,12.61,27.02,45.82,7.01,58.17,mothbeans,912.56
105.86,50.91,34.15,23.47,91.39,6.64,176.19,jute,2721.0
31.67,30.89,30.06,32.73,41.82,6.46,83.2,mango,8774.77
45.5,51.79,45.04,31.24,93.18,6.54,145.74,papaya,40092.89
21.05,17.56,31.21,30.6,93.29,5.91,161.01,coconut,5845.98
23.55,70.15,21.9,18.89,21.61,6.2,86.15,kidneybeans,3209.73
84.71,57.41,46.73,26.19,79.44,5.51,196.23,rice,5439.6
97.37,19.46,53.96,32.69,92.43,6.19,29.24,muskmelon,20574.35
21.82,69.39,15.76,24.09,58.17,7.22,46.82,lentil,1100.12
81.55,48.75,40.81,25.54,86.99,6.62,138.58,jute,4059.56
87.65,54.18,20.44,22.39,61.91,5.84,97.32,maize,8160.39
21.2,8.34,25.99,25.25,97.19,6.11,163.92,coconut,7202.6
117.63,31.29,44.94,24.4,55.85,6.0,94.63,cotton,2337.48
108.35,84.69,52.5,28.0,84.42,6.09,112.18,banana,48627.52
10.54,16.63,48.32,20.05,88.53,6.42,84.58,pomegranate,8162.91
18.94,21.84,12.24,18.92,91.83,7.11,94.76,orange,9016.57
115.08,19.53,53.03,25.85,94.21,6.58,17.08,muskmelon,19376.1
94.61,48.1,21.15,19.48,61.92,5.81,78.65,maize,8068.56
85.07,53.33,45.85,25.76,85.24,5.92,204.4,rice,6389.42
13.05,68.79,14.51,17.05,19.78,6.06,124.0,kidneybeans,2501.06
18.89,68.35,20.96,32.78,37.5,6.0,146.7,pigeonpeas,2210.49
26.59,45.37,17.38,26.47,57.38,6.59,57.45,mothbeans,1171.52
101.54,51.1,38.48,21.69,66.24,6.19,69.39,cotton,2763.74
17.7,72.13,18.87,27.33,61.61,6.72,61.25,lentil,1464.1
16.32,26.83,29.61,31.41,49.35,5.66,79.47,mango,11442.93
16.66,64.34,25.48,28.85,40.28,5.64,156.73,pigeonpeas,2345.32
122.43,53.61,27.95,27.07,64.2,6.25,92.02,cotton,3239.01
109.03,49.71,49.01,23.15,55.53,7.09,84.58,wheat,4117.96
50.77,55.54,49.06,33.83,95.05,6.26,142.17,papaya,43819.96
84.77,45.0,45.48,22.52,52.73,6.38,69.5,wheat,4818.33
72.61,42.96,10.19,22.7,57.18,6.05,79.73,maize,7342.96
11.84,19.08,40.36,22.11,89.32,6.37,147.17,pomegranate,8874.59
82.48,45.7,35.75,24.66,77.72,6.04,185.67,rice,6170.98
45.31,60.79,45.52,33.54,89.79,6.06,148.13,papaya,36863.05
99.38,41.51,38.38,24.5,63.15,6.55,78.96,cotton,3330.17
90.06,91.22,59.5,27.79,85.53,5.93,78.25,banana,42531.34
116.12,12.39,47.72,21.41,91.93,6.91,36.34,watermelon,31019.58
111.76,14.15,50.1,25.86,91.85,6.43,24.77,muskmelon,14930.16
13.66,19.09,36.01,23.15,90.68,6.68,135.21,pomegranate,10564.29
15.15,66.01,26.19,20.76,19.1,5.61,92.71,kidneybeans,2320.62
24.42,54.95,28.94,27.51,73.49,6.45,44.73,mungbean,1270.96
19.98,133.25,200.43,21.39,91.39,5.68,131.13,apple,15468.99
48.6,51.28,20.97,21.96,63.06,6.56,103.95,maize,5971.15
18.23,117.59,181.68,25.73,80.4,5.82,58.26,grapes,20687.2
14.68,17.1,36.18,21.77,87.03,6.9,73.49,pomegranate,10269.8
90.17,14.97,48.73,29.47,92.44,6.31,26.31,muskmelon,16640.03
66.06,48.71,28.66,26.46,68.19,6.25,48.98,maize,5974.87
73.55,43.56,35.61,23.59,80.07,6.48,176.77,jute,3462.75
20.72,72.25,23.46,21.17,19.6,5.13,97.14,kidneybeans,3017.41
20.95,128.16,194.42,21.35,91.32,6.08,111.4,apple,16863.21
126.9,16.29,47.82,26.25,95.83,6.39,21.38,muskmelon,16772.0
46.64,55.1,52.01,36.04,92.03,6.83,135.57,papaya,29392.62
11.43,15.13,11.84,19.88,94.15,7.35,43.84,orange,10487.04
29.78,128.0,207.98,21.94,94.23,6.28,66.11,grapes,18326.19
22.07,76.02,18.57,28.28,42.57,5.54,150.96,pigeonpeas,2444.32
19.46,17.48,9.39,19.76,91.84,6.73,104.58,orange,15155.42
83.46,48.03,17.82,21.78,64.56,5.81,79.82,maize,8882.95
21.05,68.94,20.26,25.56,63.12,7.37,38.12,lentil,1790.59
75.56,47.8,19.33,22.67,72.16,6.54,58.76,maize,7890.39
22.72,13.53,11.59,20.25,90.07,7.23,127.28,orange,13490.16
39.84,62.1,14.24,34.22,60.7,6.9,62.49,blackgram,1028.81
105.02,21.26,41.42,26.96,89.27,6.87,23.08,muskmelon,18476.36
20.78,66.07,20.91,21.93,67.18,6.67,44.58,lentil,1836.62
68.28,41.1,16.87,23.72,69.77,6.26,99.5,maize,7341.1
77.09,73.13,42.15,27.67,77.41,5.84,85.31,banana,26466.85
83.92,46.23,17.13,22.2,72.75,5.38,55.65,maize,7286.33
19.39,66.33,18.62,21.55,67.83,6.71,24.44,lentil,1479.69
28.29,122.38,197.96,24.59,88.77,6.0,83.04,grapes,23120.78
41.57,64.97,84.56,16.62,15.92,7.15,46.72,chickpea,1620.24
18.76,41.93,8.96,27.54,53.68,6.78,49.55,mothbeans,1254.78
104.0,10.48,47.58,24.94,81.42,6.49,26.64,watermelon,30148.94
18.58,134.43,207.6,25.34,70.22,5.61,64.43,grapes,22869.95
41.91,68.71,58.69,20.3,18.65,7.65,131.89,chickpea,1061.77
100.34,12.18,49.43,25.03,82.0,6.63,53.5,watermelon,32479.9
115.41,77.79,47.83,28.63,71.89,5.64,126.95,banana,35746.33
68.31,53.71,43.76,24.58,77.45,6.7,157.94,rice,6009.14
21.38,45.84,26.36,25.66,81.4,7.53,38.62,mungbean,1139.54
82.63,41.16,24.24,19.53,67.76,6.31,71.06,maize,7498.87
12.47,21.91,40.68,20.9,90.84,6.4,111.54,pomegranate,10299.66
19.16,51.51,13.34,30.34,77.68,6.5,39.02,mungbean,1022.09
19.61,58.79,24.46,18.82,24.1,5.71,74.14,kidneybeans,2583.99
24.31,20.38,10.29,19.68,88.84,6.37,88.33,orange,12152.08
17.02,56.05,17.94,21.83,23.61,5.83,99.4,kidneybeans,2031.1
28.7,45.23,18.73,26.49,54.91,7.14,33.57,mothbeans,1325.52
55.14,56.84,43.34,30.57,88.12,6.84,171.54,papaya,31803.39
19.83,14.26,27.72,25.27,96.39,5.55,169.69,coconut,6339.02
5.27,31.81,32.46,31.66,49.69,5.75,83.05,mango,9389.5
108.04,23.91,46.56,31.6,90.35,6.24,26.48,muskmelon,17623.95
44.27,65.53,21.42,31.93,70.83,6.98,64.69,blackgram,1169.26
19.91,16.57,37.34,22.28,92.15,6.38,75.26,pomegranate,11240.22
110.82,41.92,48.27,25.44,61.49,6.51,100.68,cotton,2986.5
113.34,15.86,51.64,27.55,88.13,6.18,20.32,muskmelon,19127.02
19.44,74.92,26.33,25.42,68.19,7.41,49.32,lentil,1695.27
103.13,15.33,50.28,31.63,96.04,6.77,28.98,muskmelon,18434.38
12.83,45.88,22.51,26.22,45.87,6.82,59.63,mothbeans,898.84
101.66,12.47,60.35,26.71,94.31,6.31,57.02,watermelon,30760.66
78.98,44.87,42.17,26.99,88.61,6.87,153.69,jute,3514.75
82.26,51.96,43.53,26.86,80.86,6.42,154.76,jute,3757.89
20.75,69.82,20.04,15.83,22.48,6.36,97.8,kidneybeans,2324.88
121.57,33.39,42.87,23.2,70.08,7.03,75.03,cotton,3321.24
41.08,62.51,74.11,15.49,16.18,7.34,64.78,chickpea,1947.71
13.55,21.83,39.7,20.61,92.69,6.63,84.43,pomegranate,10891.07
74.3,42.37,44.54,19.86,51.22,6.38,80.28,wheat,4263.62
115.95,51.43,36.98,24.72,67.0,6.15,95.48,cotton,2995.45
83.04,49.64,47.81,22.18,50.26,6.87,73.79,wheat,5178.11
13.14,76.04,24.14,22.18,20.61,5.66,76.34,kidneybeans,2231.67
118.11,91.72,50.53,26.34,72.36,6.09,82.7,banana,36659.9
39.68,62.95,74.85,22.59,19.99,7.22,49.04,chickpea,1582.6
24.72,70.38,19.23,26.83,74.21,6.86,49.47,lentil,1203.53
23.85,128.85,210.58,24.47,82.28,6.47,78.93,grapes,20089.94
9.57,44.09,23.83,27.17,87.3,6.24,56.98,mungbean,1226.55
100.74,43.87,40.68,20.67,55.24,7.34,68.12,wheat,5250.13
67.78,51.56,38.8,22.25,85.55,6.22,189.17,rice,6510.08
9.55,67.15,18.67,27.2,47.43,5.88,146.0,pigeonpeas,1741.96
33.56,69.46,81.46,16.16,18.42,7.98,83.43,chickpea,1394.71
107.79,69.38,45.75,23.72,78.7,6.36,94.89,banana,39099.47
26.27,17.46,30.36,26.65,98.78,6.11,156.94,coconut,5533.51
17.56,18.85,7.58,23.35,88.76,7.25,110.34,orange,14616.59
27.67,73.61,17.7,29.09,48.02,6.17,168.65,pigeonpeas,1701.54
24.03,15.39,26.62,29.61,97.02,5.83,180.48,coconut,8173.54
21.26,44.22,21.8,27.57,48.3,7.2,60.29,mothbeans,1190.09
17.91,135.47,208.89,23.26,91.82,5.73,123.03,apple,14932.67
115.24,39.56,43.61,24.38,66.8,6.92,92.26,cotton,3073.82
20.11,48.41,18.15,24.84,80.91,6.82,54.82,mungbean,1456.96
20.05,45.13,18.59,29.16,60.06,6.61,51.99,mothbeans,1373.67
77.6,41.03,36.38,25.58,72.88,6.74,188.53,jute,4037.69
21.33,18.89,41.97,19.39,88.62,6.45,76.32,pomegranate,8893.95
15.02,67.09,9.11,20.36,26.29,5.26,93.28,kidneybeans,2578.69
17.26,14.61,10.69,25.64,90.55,7.24,103.44,orange,13016.39
84.94,16.75,41.14,26.59,93.93,6.65,25.25,muskmelon,16323.91
19.61,74.05,11.1,26.13,77.53,6.76,64.95,lentil,1324.83
78.54,46.0,45.59,17.14,50.61,7.31,79.85,wheat,4912.25
82.18,63.26,46.93,26.6,86.5,6.26,109.55,banana,34944.41
50.24,64.71,55.64,33.22,98.03,6.67,139.23,papaya,24088.15
100.27,16.14,48.15,27.54,94.43,6.46,29.12,muskmelon,19019.18
40.96,67.2,17.22,30.86,73.62,7.49,39.16,blackgram,1231.54
107.24,42.94,46.06,21.6,57.13,6.52,54.55,cotton,2235.27
15.91,73.46,17.26,25.33,51.62,6.19,200.76,pigeonpeas,1717.33
32.34,62.36,24.86,31.75,66.82,6.48,62.62,blackgram,907.29
45.77,52.1,48.84,33.49,90.6,6.54,144.85,papaya,33709.12
24.65,43.34,20.22,29.37,74.67,7.34,46.17,mungbean,985.75
130.91,38.84,48.41,23.52,58.58,6.99,96.61,cotton,2794.64
25.87,49.49,16.13,31.8,53.44,6.49,59.57,mothbeans,1341.98
27.17,20.27,27.1,29.26,95.78,5.7,170.76,coconut,6091.83
31.38,140.26,218.88,24.19,77.96,5.98,56.93,grapes,24823.47
100.79,15.15,50.52,27.71,97.02,6.65,15.8,muskmelon,14291.11
24.02,26.71,33.89,29.81,47.89,5.31,99.83,mango,10667.32
47.34,63.25,53.01,32.92,88.59,6.5,131.66,papaya,37886.13
17.16,28.54,31.45,31.09,54.65,5.5,83.5,mango,10205.4
14.45,143.37,209.49,21.51,70.65,5.71,65.36,grapes,26599.54
69.92,38.65,38.24,23.04,90.38,6.16,193.43,rice,5920.0
111.18,70.64,51.12,28.47,83.09,5.81,163.28,banana,34692.01
104.45,85.47,46.23,24.75,92.52,5.85,118.98,banana,34999.13
71.65,37.93,43.42,25.79,82.8,6.41,145.12,jute,3522.83
16.23,61.73,21.98,23.77,72.87,6.8,37.63,lentil,1800.75
17.51,21.59,37.6,21.54,90.63,6.49,98.35,pomegranate,12131.71
19.98,27.55,28.76,32.14,46.62,6.0,89.94,mango,9899.95
121.21,35.9,41.85,31.95,59.57,6.89,80.82,cotton,2399.03
23.84,126.53,187.3,24.47,90.61,5.42,104.3,apple,13740.11
26.0,16.37,30.77,24.61,96.99,6.01,186.35,coconut,8430.28
97.65,94.71,52.51,26.03,79.95,6.02,90.43,banana,39118.34
17.0,19.25,12.65,20.24,91.44,7.0,127.68,orange,14477.42
99.22,8.95,57.71,22.54,85.06,6.66,33.89,watermelon,24529.33
18.76,74.6,15.63,29.26,46.6,5.75,145.32,pigeonpeas,1905.64
130.33,43.32,47.07,33.99,65.53,6.31,82.59,cotton,2755.71
67.72,54.33,15.67,23.94,67.14,5.68,120.51,maize,5895.87
18.82,65.97,17.33,28.59,40.51,6.18,135.69,pigeonpeas,2368.33
19.49,71.18,22.0,19.97,60.67,6.89,50.87,lentil,1744.7
24.15,139.73,204.42,22.71,78.85,5.57,56.19,grapes,27546.48
11.56,62.4,23.35,29.21,46.04,5.49,128.45,pigeonpeas,1957.26
14.12,15.51,30.19,27.48,91.87,5.97,154.17,coconut,5975.47
22.16,14.78,8.35,21.3,89.69,6.72,77.74,orange,12882.93
18.77,150.44,196.79,21.99,80.2,5.61,90.51,grapes,18779.48
12.52,63.41,26.61,27.66,48.4,6.03,162.93,pigeonpeas,2132.18
85.14,50.58,59.26,24.14,87.68,6.48,219.54,rice,4996.9
52.59,57.72,46.85,35.92,91.26,6.58,140.4,papaya,36638.15
20.9,72.19,19.49,26.32,51.75,6.0,168.44,pigeonpeas,2161.02
18.64,74.17,15.97,28.38,44.72,5.72,118.8,pigeonpeas,2058.78
69.95,53.8,48.41,15.63,48.45,6.12,79.79,wheat,5522.51
79.67,37.66,39.55,20.39,85.35,6.18,171.8,rice,5083.79
76.97,57.46,46.64,19.94,46.26,5.29,88.26,wheat,5354.99
47.51,55.36,56.09,32.19,89.6,6.8,140.06,papaya,37708.52
21.27,132.94,192.86,22.33,94.99,6.07,121.07,apple,16018.97
18.62,70.23,22.12,20.79,59.38,6.93,29.13,lentil,1769.5
39.12,60.26,75.09,17.15,17.23,7.43,72.07,chickpea,1882.15
23.43,132.3,210.88,23.62,76.81,6.0,52.76,grapes,16423.75
24.19,47.68,12.75,28.15,58.24,6.79,58.75,mothbeans,1055.66
17.74,46.46,9.48,28.28,75.57,6.72,57.65,mungbean,1282.74
63.38,47.67,33.94,21.7,82.24,5.57,188.46,rice,6202.67
67.05,46.32,48.35,22.48,74.48,5.88,191.82,rice,3614.86
18.46,12.71,27.59,30.31,94.49,5.17,199.2,coconut,6418.82
26.65,20.46,24.15,26.99,97.97,6.77,189.08,coconut,6062.78
9.68,66.41,24.71,20.38,27.85,6.01,91.92,kidneybeans,2401.33
16.61,145.33,207.65,23.59,95.87,5.55,106.83,apple,10988.21
29.25,44.85,19.84,28.07,73.91,6.35,38.03,mungbean,1538.83
31.87,68.41,17.93,33.0,72.06,7.24,63.1,blackgram,1398.63
19.11,13.48,39.75,19.82,90.99,6.26,86.49,pomegranate,8587.35
111.22,93.07,46.6,27.36,81.47,6.11,99.75,banana,47060.53
97.9,53.37,47.31,16.33,48.95,6.07,66.29,wheat,5338.51
103.52,14.47,53.15,26.75,88.85,6.74,22.07,muskmelon,16155.06
18.88,68.82,27.31,25.94,58.52,6.54,51.79,lentil,1526.54
103.12,88.87,43.69,23.18,77.16,6.54,145.44,banana,47655.45
23.48,15.91,24.38,31.39,97.4,5.51,168.1,coconut,6553.25
22.22,45.65,23.06,26.04,46.09,6.26,28.76,mothbeans,1146.12
15.61,68.5,22.4,22.99,20.52,5.55,127.99,kidneybeans,2685.85
97.96,63.55,23.03,21.63,67.67,6.44,78.59,maize,7593.54
106.25,23.34,52.83,29.28,94.61,7.01,31.05,muskmelon,17625.15
89.87,52.73,38.3,25.58,82.23,6.89,153.05,jute,4434.12
16.34,77.45,20.25,21.54,20.18,5.81,111.22,kidneybeans,1902.76
127.27,41.62,40.57,22.99,63.34,6.93,88.59,cotton,2380.1
118.15,49.68,42.06,24.76,63.13,6.45,68.25,cotton,2572.56
114.38,43.84,38.2,27.54,56.29,6.79,58.94,cotton,3208.8
19.59,13.49,12.35,19.96,92.95,7.12,91.03,orange,12801.21
41.22,65.98,20.01,30.24,56.64,7.81,75.8,blackgram,1213.04
24.81,21.98,27.09,29.29,40.94,5.39,143.83,mango,9932.84
86.26,43.71,34.65,23.96,80.88,6.36,214.2,rice,5649.83
22.45,147.57,206.78,22.9,96.67,6.13,97.17,apple,15073.7
15.02,40.53,9.38,29.44,50.27,7.68,41.06,mothbeans,981.42
97.74,85.65,46.03,28.83,85.93,5.7,95.18,banana,41809.26
45.51,70.33,93.46,19.57,17.71,8.18,86.34,chickpea,1820.86
22.96,30.78,39.31,31.25,55.5,5.59,118.7,mango,10696.92
19.89,41.25,28.84,28.64,45.97,6.67,52.11,mothbeans,1565.58
21.03,145.43,215.55,23.7,91.05,6.21,132.27,apple,14596.53
21.44,62.21,13.33,16.9,23.99,6.06,141.99,kidneybeans,2738.89
20.09,16.96,34.22,23.56,93.65,6.55,81.74,pomegranate,9412.76
72.45,44.94,32.97,21.15,75.24,5.51,231.61,rice,5001.1
21.22,67.7,25.64,20.17,19.76,6.0,100.66,kidneybeans,2810.57
17.4,68.92,21.66,25.12,66.19,6.54,36.62,lentil,1475.63
71.98,43.52,45.83,27.58,73.02,7.0,195.47,jute,4255.72
99.91,12.27,43.38,26.93,88.6,5.89,63.23,watermelon,28192.26
19.37,41.27,18.59,29.01,87.64,6.13,47.72,mungbean,1159.4
18.57,18.06,11.39,22.38,92.02,6.72,64.37,orange,11172.19
18.36,18.34,10.93,22.09,89.29,6.86,61.4,orange,13016.06
18.69,68.51,21.53,24.19,71.21,6.94,31.42,lentil,2033.67
37.37,68.89,84.0,18.39,17.77,7.14,94.76,chickpea,2251.07
83.65,42.9,19.88,21.65,66.13,5.82,82.37,maize,8021.75
15.33,49.75,15.52,30.13,64.69,6.54,56.34,mothbeans,1097.72
23.69,51.21,11.53,30.01,50.15,6.69,77.38,mothbeans,1261.7
115.06,78.49,44.3,22.08,75.1,5.97,136.98,banana,41248.13
19.95,69.53,29.07,19.31,22.84,5.55,88.07,kidneybeans,2333.95
93.42,7.38,41.29,27.15,83.29,6.42,48.41,watermelon,30668.76
94.72,82.03,49.03,29.54,81.09,6.26,105.19,banana,48626.42
19.05,60.51,26.82,27.39,45.56,6.28,124.16,pigeonpeas,1745.47
16.05,67.96,18.92,19.26,19.81,5.8,138.07,kidneybeans,2671.24
103.78,10.96,52.7,26.23,84.59,6.4,51.67,watermelon,34057.47
90.89,48.32,34.61,21.57,85.4,5.63,206.49,rice,5691.6
17.93,59.16,34.96,27.49,68.61,6.67,44.86,lentil,1272.04
103.3,8.18,51.3,23.75,83.62,6.81,59.09,watermelon,25249.56
24.79,69.04,21.54,17.81,19.36,6.24,90.3,kidneybeans,3166.25
103.0,12.06,49.31,29.13,91.51,6.31,22.94,muskmelon,15692.21
20.43,48.74,16.19,28.42,60.65,6.57,62.72,mothbeans,1610.8
72.96,40.96,32.22,24.21,75.6,6.88,137.54,rice,6418.41
33.96,62.62,96.76,15.16,14.54,7.84,78.08,chickpea,1360.58
111.18,14.61,48.87,28.28,90.68,6.53,24.06,muskmelon,14184.16
82.81,44.89,38.96,22.01,79.05,6.42,210.71,rice,5440.11
91.52,88.55,54.61,28.7,73.42,5.86,121.46,banana,41904.34
16.47,15.88,9.19,23.38,94.0,7.33,84.81,orange,13316.77
19.07,71.65,21.76,28.68,46.64,5.44,126.57,pigeonpeas,2406.32
22.09,16.81,30.03,24.95,95.05,5.5,172.52,coconut,8899.04
12.28,67.56,31.05,25.61,75.95,7.16,56.27,lentil,1823.01
19.54,67.56,22.74,21.9,21.82,6.26,109.48,kidneybeans,2487.84
22.5,18.55,13.28,21.91,91.5,6.79,120.75,orange,10517.06
44.89,56.07,17.17,26.38,60.25,6.06,65.95,blackgram,863.12
88.95,44.02,50.22,23.59,46.95,6.43,75.22,wheat,4576.97
92.11,47.51,20.09,23.42,66.17,6.48,90.74,maize,6664.08
85.53,9.38,48.79,23.34,85.11,6.37,50.8,watermelon,28717.27
28.04,16.15,27.55,27.38,96.88,6.09,229.86,coconut,6013.94
38.52,69.21,68.49,19.16,17.39,8.03,96.6,chickpea,1585.73
94.16,41.83,17.04,21.95,66.4,5.6,93.48,maize,6525.29
24.13,41.8,12.49,26.51,49.69,7.03,44.85,mothbeans,1058.55
73.68,37.68,47.48,24.41,74.72,6.58,155.09,jute,3072.74
94.97,55.94,43.25,26.72,81.25,6.81,135.06,jute,3172.93
21.74,126.92,195.77,19.73,95.77,5.97,136.49,apple,16321.92
27.83,137.91,183.09,28.9,74.98,6.28,75.47,grapes,16851.29
18.2,131.45,222.68,26.42,92.38,6.1,114.86,apple,12032.87
16.89,21.63,35.04,33.54,48.36,5.61,104.06,mango,11215.18
87.53,52.02,42.67,22.95,79.31,6.2,185.38,jute,3445.33
12.09,63.3,17.2,15.93,22.14,5.63,71.54,kidneybeans,2515.83
104.58,76.28,58.97,30.09,83.02,6.41,106.3,banana,44743.17
110.21,20.47,53.49,30.23,91.72,5.94,24.64,muskmelon,14814.32
91.72,82.96,52.25,27.42,82.29,6.13,69.56,banana,45692.89
15.19,62.62,14.38,28.09,67.65,6.99,35.42,lentil,1622.69
81.15,47.33,36.6,20.54,87.39,6.61,147.09,jute,3580.29
18.89,73.33,27.26,18.17,19.49,5.66,111.15,kidneybeans,2372.1
87.39,50.36,28.09,24.51,74.49,6.74,164.55,jute,3618.47
18.13,24.22,27.33,27.97,52.74,5.68,60.9,mango,8871.42
21.32,18.02,21.01,26.94,96.58,6.2,161.05,coconut,6416.83
15.94,69.92,23.99,26.24,72.85,6.88,57.94,lentil,1472.13
18.66,16.47,8.3,24.74,84.79,6.77,99.81,orange,8417.3
116.83,24.44,47.07,24.0,85.71,6.9,24.76,muskmelon,14805.15
16.3,46.08,18.97,31.21,74.6,7.06,39.63,mungbean,1110.25
23.92,64.61,18.41,18.44,21.22,6.18,121.04,kidneybeans,2883.61
17.03,136.2,198.34,23.61,89.05,6.16,61.05,grapes,20138.89
17.92,18.64,8.3,19.56,92.82,6.95,85.13,orange,13592.16
16.68,47.37,15.45,29.39,83.12,6.31,53.42,mungbean,1121.44
25.81,27.54,23.28,29.08,44.09,5.54,91.34,mango,8534.69
46.84,77.83,19.8,32.5,59.72,7.32,83.71,blackgram,1191.39
86.23,42.66,39.29,23.24,84.57,6.36,166.26,rice,4728.87
81.69,49.87,37.88,22.48,79.79,7.07,203.15,jute,3328.14
16.93,19.05,8.02,20.79,94.66,7.01,74.06,orange,14698.5
74.29,40.97,20.08,23.8,60.46,6.76,95.22,maize,7963.68
63.57,49.92,37.16,26.29,81.95,6.84,175.84,jute,3711.65
133.2,40.08,38.24,24.01,64.46,6.94,84.04,cotton,3024.45
20.21,73.19,21.67,30.96,43.03,5.84,150.69,pigeonpeas,1851.2
15.88,61.25,20.1,23.2,81.89,7.1,41.91,lentil,1206.52
12.71,19.26,11.04,21.44,93.69,6.71,111.45,orange,12715.93
18.69,66.32,24.8,20.92,18.46,5.75,118.43,kidneybeans,3181.45
106.18,19.25,48.07,28.38,92.32,6.43,23.95,muskmelon,22828.38
35.94,67.75,78.4,18.99,22.35,7.76,56.84,chickpea,2131.9
23.77,145.48,212.3,23.89,89.94,5.74,94.2,apple,13679.91
16.3,71.26,27.14,27.16,51.78,5.23,162.19,pigeonpeas,1898.08
94.41,40.82,45.82,23.02,77.09,6.23,205.97,rice,5014.74
18.94,53.11,18.11,32.17,55.15,6.42,49.71,mothbeans,1091.42
35.73,150.12,192.16,21.1,79.97,5.72,75.77,grapes,15830.9
18.77,61.38,17.82,25.76,66.76,7.07,49.83,lentil,2005.36
46.02,54.6,49.32,34.6,93.93,6.44,155.04,papaya,31911.97
45.57,60.26,55.26,31.34,93.33,6.96,120.58,papaya,35012.35
122.92,42.7,45.3,22.31,70.98,6.77,88.53,cotton,3216.93
13.91,64.58,19.95,24.12,74.63,6.92,57.79,lentil,1408.17
45.21,70.92,78.7,19.74,15.88,7.76,97.74,chickpea,1991.3
23.66,61.63,25.24,28.98,44.33,5.76,180.97,pigeonpeas,2277.75
88.24,51.61,43.66,20.3,65.5,6.83,88.99,cotton,2868.17
39.52,65.92,70.54,19.82,14.05,7.73,57.97,chickpea,1477.97
90.65,45.41,47.05,27.6,80.19,5.78,243.6,rice,6291.66
43.97,74.75,25.29,30.94,65.06,6.71,79.1,blackgram,1409.79
19.05,15.2,7.2,21.03,93.28,6.92,79.11,orange,16878.35
23.73,64.79,18.67,22.19,78.49,6.97,37.49,lentil,1663.12
18.92,138.35,167.59,21.02,97.39,5.93,117.34,apple,16489.29
74.08,53.3,23.09,23.37,58.17,6.61,90.23,maize,6839.77
107.22,47.41,39.66,27.91,63.88,6.18,76.43,cotton,2717.11
19.34,59.39,16.4,24.82,67.05,7.26,44.55,lentil,1658.82
19.99,21.25,29.75,23.92,92.61,5.91,177.8,coconut,8391.03
20.39,70.0,21.01,25.94,48.23,5.48,150.62,pigeonpeas,2123.03
14.67,50.4,15.64,27.59,47.84,7.05,42.63,mothbeans,1379.76
21.71,28.52,35.5,28.15,45.13,5.77,80.51,mango,13728.88
9.97,54.95,13.27,25.99,51.34,7.22,58.73,mothbeans,1123.19
25.23,64.79,16.87,28.04,65.61,6.87,55.63,blackgram,858.93
22.26,18.23,34.59,29.24,97.24,5.96,190.88,coconut,7065.69
41.93,73.45,100.12,21.07,18.75,7.81,75.17,chickpea,1642.11
93.46,89.32,56.11,23.66,85.66,6.62,110.04,banana,43978.51
106.46,11.4,53.62,24.69,86.59,6.17,62.69,watermelon,18795.81
38.5,77.52,96.26,24.66,17.52,7.59,50.25,chickpea,1881.47
21.12,139.55,220.15,20.75,91.04,5.8,131.99,apple,15887.06
9.96,66.06,18.47,21.27,19.91,6.2,66.77,kidneybeans,2856.46
84.64,41.92,53.82,17.8,45.95,6.6,92.23,wheat,4272.5
116.12,37.86,49.79,24.49,67.69,6.7,70.58,cotton,2764.45
83.0,42.13,35.03,25.61,80.22,6.95,188.67,jute,3469.73
22.19,15.55,22.3,26.12,98.58,5.9,168.85,coconut,6781.93
74.47,46.88,57.57,19.43,51.09,6.94,82.44,wheat,4928.87
48.19,72.54,16.46,34.42,66.63,6.75,92.79,blackgram,1361.84
43.44,75.33,68.88,17.89,16.41,7.03,78.2,chickpea,2354.81
15.16,67.09,21.41,23.45,67.93,6.98,64.33,lentil,1177.61
23.23,16.44,11.02,22.73,91.64,6.74,108.36,orange,14502.58
94.75,52.29,39.2,22.96,76.99,5.99,191.34,rice,5823.62
16.75,68.42,20.06,20.96,21.19,5.15,96.34,kidneybeans,2949.27
96.79,9.22,51.11,27.86,83.48,6.55,57.27,watermelon,30865.43
22.69,46.68,19.21,25.58,60.96,7.06,60.64,mothbeans,1196.34
41.0,69.32,92.72,20.2,18.87,7.0,58.6,chickpea,1693.04
94.75,52.51,48.95,23.0,36.48,6.84,65.19,wheat,3845.89
96.47,46.44,38.79,22.58,63.75,6.35,79.49,cotton,2627.16
38.56,69.44,79.54,16.73,16.29,7.6,50.24,chickpea,1966.91
77.17,40.75,15.39,19.99,66.04,6.03,70.57,maize,7160.8
17.86,11.16,36.18,25.94,94.63,5.57,193.97,coconut,5828.65
14.61,67.12,22.0,28.72,50.52,5.89,138.86,pigeonpeas,2005.83
104.38,19.56,47.75,32.17,88.12,6.94,31.08,muskmelon,20311.69
23.29,15.69,8.96,20.22,93.97,7.41,131.27,orange,13546.68
16.3,67.62,27.69,22.68,62.03,7.04,40.23,lentil,1575.95
25.72,12.9,29.02,27.86,97.32,5.86,173.35,coconut,7562.03
115.16,69.94,50.05,25.62,78.45,6.12,118.39,banana,40148.81
13.85,24.59,27.65,30.4,47.77,5.77,95.71,mango,9020.65
110.3,92.33,51.54,27.58,81.07,6.15,106.1,banana,43158.87
68.2,41.99,41.81,23.95,84.52,7.17,183.32,jute,3584.54
83.04,46.43,44.09,24.53,82.37,7.03,158.72,jute,3725.88
20.54,17.99,30.67,23.2,95.17,6.0,168.43,coconut,7083.35
23.73,69.63,31.38,26.3,50.59,5.64,131.61,pigeonpeas,2039.62
49.25,54.25,57.5,34.86,88.26,6.71,144.88,papaya,33678.25
45.19,48.95,47.25,36.02,92.79,6.34,162.34,papaya,38360.98
47.89,58.33,49.92,32.3,92.71,7.05,119.15,papaya,39114.91
90.4,18.86,45.78,26.38,89.18,6.48,29.72,muskmelon,20152.37
21.4,147.11,182.88,23.0,88.26,5.83,128.81,apple,13722.79
106.44,76.57,48.47,25.81,80.55,6.36,89.58,banana,47948.86
91.58,71.86,54.13,27.64,81.99,5.89,99.41,banana,41030.03
13.75,134.15,166.56,23.46,90.33,5.15,97.72,apple,11848.78
20.32,16.51,39.37,19.9,85.74,6.24,110.96,pomegranate,12063.09
90.79,22.55,42.15,30.46,92.12,6.35,25.84,muskmelon,17831.97
15.25,23.35,31.98,29.74,42.15,5.99,122.9,mango,11395.57
28.0,55.7,27.86,27.44,91.15,6.42,39.93,mungbean,875.04
47.52,66.35,77.88,16.12,17.14,7.93,35.68,chickpea,2004.34
27.99,27.65,22.92,31.73,51.22,5.52,106.47,mango,7891.71
21.67,25.21,23.47,29.74,94.21,5.41,164.46,coconut,6443.05
46.96,68.11,21.58,31.62,61.38,7.02,69.88,blackgram,1004.57
16.5,12.38,37.75,21.81,93.05,6.15,127.54,pomegranate,10246.82
12.21,72.1,22.12,26.07,45.31,5.66,119.34,pigeonpeas,1808.1
108.41,21.69,55.09,28.25,89.9,6.48,27.29,muskmelon,18909.44
129.31,38.04,43.78,24.7,63.63,6.38,85.72,cotton,3192.67
40.45,65.79,20.04,31.89,62.24,6.44,98.67,blackgram,963.31
85.03,55.77,33.78,24.82,84.4,6.71,179.13,jute,3208.75
19.0,112.04,207.06,23.98,93.34,5.61,91.3,apple,14380.03
34.75,63.14,17.75,28.49,66.12,6.42,51.23,blackgram,1382.29
17.73,37.75,21.87,30.91,82.04,6.83,33.32,mungbean,1421.92
18.97,13.36,41.02,21.39,95.03,6.03,94.98,pomegranate,12466.83
34.49,71.41,84.09,17.08,15.48,7.23,81.02,chickpea,2062.94
21.09,69.94,15.15,21.29,65.74,6.85,46.87,lentil,1595.5
122.92,47.52,41.42,27.14,55.71,6.29,77.45,cotton,2319.7
17.2,21.58,10.52,22.04,89.43,7.35,120.35,orange,13337.63
44.52,66.87,27.18,28.59,59.73,6.98,66.76,blackgram,1246.18
46.15,57.26,55.16,31.57,93.64,6.41,138.21,papaya,37121.03
46.09,58.24,81.44,12.55,20.28,7.47,79.29,chickpea,1383.04
49.6,61.89,80.71,14.12,15.91,7.22,91.59,chickpea,1502.76
17.94,64.31,11.86,32.05,54.26,5.57,154.45,pigeonpeas,2155.88
18.68,15.84,11.27,22.69,99.94,7.14,100.7,orange,11950.69
73.57,45.6,21.48,22.93,65.99,6.16,119.0,maize,8201.1
29.73,126.98,210.64,24.32,73.82,5.72,66.75,grapes,24192.86
98.13,82.76,44.85,27.45,71.41,6.31,105.93,banana,40755.99
110.28,84.52,49.76,27.5,80.9,5.55,98.01,banana,50803.06
97.36,55.46,51.05,16.72,48.42,7.11,77.13,wheat,6203.62
18.1,22.04,43.87,20.99,90.65,6.59,115.07,pomegranate,8875.44
70.92,40.94,47.33,22.55,82.34,5.29,183.67,rice,5537.52
25.2,58.22,18.16,28.43,43.41,6.32,136.29,pigeonpeas,2059.65
107.45,22.45,36.97,28.22,86.79,7.23,22.66,muskmelon,16872.16
36.45,66.56,72.16,23.2,15.43,7.33,76.07,chickpea,1346.6
44.3,72.05,14.22,31.45,72.63,7.57,110.98,blackgram,955.62
70.42,46.85,15.38,23.78,70.18,5.08,66.41,maize,5802.99
45.53,65.18,71.84,18.23,20.58,7.54,49.35,chickpea,1459.02
23.27,15.35,35.6,23.87,90.57,5.68,189.21,coconut,5753.53
15.83,78.92,22.85,18.84,20.17,5.67,100.21,kidneybeans,2852.96
61.93,56.75,26.91,19.42,68.45,5.75,90.27,maize,6664.34
82.26,48.1,16.79,22.98,74.02,5.9,99.4,maize,6026.32
104.45,9.92,56.73,25.75,77.61,5.83,42.81,watermelon,26426.26
24.15,24.77,28.09,32.18,52.19,5.53,64.8,mango,13750.2
37.74,62.91,15.89,27.42,60.5,7.43,54.27,blackgram,1139.74
95.66,19.68,47.21,29.34,89.84,7.05,26.72,muskmelon,16106.77
17.26,38.16,19.89,28.59,54.25,6.7,52.25,mothbeans,1588.26
19.39,65.71,19.2,19.26,17.96,5.49,115.43,kidneybeans,2763.75
80.39,50.5,22.36,22.15,68.71,6.24,60.25,maize,8127.76
24.59,17.57,29.49,26.34,94.58,5.9,159.56,coconut,6154.57
76.72,55.56,12.74,21.98,58.74,6.18,102.74,maize,6378.12
31.54,67.09,19.47,21.99,27.11,5.21,69.27,kidneybeans,2146.77
32.54,32.42,37.47,30.34,62.13,5.81,114.55,mango,8445.56
100.92,16.8,35.44,25.11,94.32,7.11,29.51,muskmelon,16399.23
42.98,65.21,75.87,15.22,17.91,7.25,81.6,chickpea,1221.68
22.61,41.18,17.34,29.0,80.09,7.18,61.24,mungbean,1067.67
16.93,40.62,29.03,26.73,84.52,7.0,84.29,mungbean,1047.06
25.86,62.12,22.44,22.36,23.44,5.64,94.43,kidneybeans,2831.92
78.63,44.12,38.1,27.15,80.88,6.8,138.57,jute,3855.5
49.59,60.37,14.23,31.71,66.32,7.39,67.77,blackgram,910.91
21.8,14.29,29.14,32.33,98.75,5.94,162.84,coconut,6918.16
23.91,121.27,202.04,20.2,91.22,5.7,105.44,apple,17528.55
18.98,62.39,26.9,28.07,65.74,7.05,48.02,lentil,1628.14
20.56,134.31,177.42,24.03,93.88,5.97,97.74,apple,12900.06
95.43,13.93,50.35,26.36,88.83,6.28,37.43,muskmelon,16818.22
21.45,72.79,16.05,28.07,41.17,6.01,159.38,pigeonpeas,2297.3
39.44,51.37,31.58,26.18,80.16,7.34,199.92,jute,2727.08
32.98,67.58,31.27,29.6,64.08,6.57,82.19,blackgram,1234.25
105.63,44.66,48.12,24.24,49.6,6.73,59.06,wheat,4853.31
86.41,41.16,49.62,19.56,47.67,5.7,82.7,wheat,4639.51
21.99,72.09,15.43,24.61,64.74,7.09,43.77,lentil,1500.01
98.14,7.5,53.93,23.7,84.5,6.94,55.09,watermelon,22457.5
88.24,44.1,53.94,18.61,51.01,6.64,71.12,wheat,5311.02
18.33,46.28,18.13,26.04,43.21,6.6,52.93,mothbeans,997.62
122.58,50.83,41.06,21.21,71.03,6.54,82.09,cotton,2541.95
81.35,45.8,42.78,14.1,60.28,5.95,71.68,wheat,4602.58
42.82,66.94,22.71,29.32,65.01,6.92,61.14,blackgram,1065.21
70.16,44.55,15.42,20.34,64.66,5.64,98.64,maize,8402.41
26.59,48.07,19.1,27.78,59.46,6.58,64.16,mothbeans,1324.6
53.6,61.68,55.13,31.19,94.8,6.49,123.18,papaya,38058.26
50.91,65.8,49.78,31.23,87.14,6.85,146.95,papaya,32938.65
22.9,12.81,29.46,29.8,95.86,5.94,179.3,coconut,6957.32
48.98,71.53,77.57,14.92,21.69,7.21,97.43,chickpea,1563.04
76.37,44.28,16.62,21.71,61.04,5.85,47.13,maize,7336.29
15.99,66.26,23.85,25.89,50.14,5.29,137.77,pigeonpeas,2095.5
74.77,46.74,34.22,26.52,75.02,6.52,191.22,jute,4257.17
18.67,46.16,21.44,25.67,83.21,6.44,40.09,mungbean,1013.59
19.23,15.78,27.5,26.87,97.08,6.1,224.68,coconut,7964.96
83.15,49.35,48.22,19.56,54.82,7.61,66.64,wheat,4375.23
17.17,65.64,23.59,27.68,44.79,6.3,131.88,pigeonpeas,2210.4
36.34,63.51,16.81,29.25,64.76,7.07,12.67,blackgram,958.79
42.43,60.26,90.83,16.59,17.72,7.9,53.69,chickpea,1268.68
22.48,19.83,36.17,19.13,92.02,6.43,68.48,pomegranate,13245.61
21.74,138.84,211.11,25.34,83.47,5.94,77.07,grapes,18996.06
19.77,28.35,27.05,31.97,58.39,6.0,93.37,mango,10997.26
38.23,66.87,21.48,28.88,63.44,6.9,58.59,blackgram,1408.67
11.29,47.98,12.05,26.67,80.49,6.94,50.17,mungbean,1089.89
95.5,44.08,38.39,24.63,75.85,6.11,239.21,rice,4386.25
24.64,61.26,18.39,23.94,74.56,6.5,65.84,lentil,1573.49
97.65,87.51,52.74,25.59,75.77,6.2,90.55,banana,43963.85
54.54,62.55,49.09,34.19,94.68,7.19,161.77,papaya,35754.6
23.09,13.0,26.24,26.63,92.59,5.58,177.31,coconut,6299.96
22.18,72.22,21.96,28.91,40.09,5.82,158.59,pigeonpeas,2355.71
17.31,43.83,8.67,27.3,51.86,7.01,37.01,mothbeans,912.25
39.63,64.05,25.08,29.19,57.57,6.39,86.91,blackgram,1238.16
17.04,27.99,27.31,31.94,56.08,5.48,92.39,mango,10712.12
21.8,79.75,16.42,19.17,21.81,5.82,110.27,kidneybeans,2865.89
17.48,19.25,36.87,21.46,92.33,6.28,122.63,pomegranate,11938.41
86.15,49.2,51.36,20.64,46.24,6.34,63.06,wheat,5789.16
20.62,19.53,39.06,23.78,89.36,6.51,107.42,pomegranate,10162.69
94.13,10.15,50.92,26.24,85.07,6.56,47.57,watermelon,30365.48
25.69,25.94,31.14,33.59,49.6,5.76,93.07,mango,11401.75
32.96,61.51,26.57,31.43,59.87,7.18,90.02,blackgram,1084.92
27.19,131.99,185.81,26.35,72.61,5.9,68.38,grapes,21051.84
20.86,24.52,35.39,19.36,86.43,6.63,110.51,pomegranate,10559.7
120.52,21.92,55.77,27.39,92.69,6.1,27.49,muskmelon,16426.55
102.54,87.58,51.96,24.93,83.25,6.13,83.59,banana,40159.62
22.7,69.12,14.01,30.17,49.05,5.86,148.82,pigeonpeas,2009.49
22.82,17.58,41.51,23.75,88.79,7.11,146.84,pomegranate,10609.53
20.55,144.39,181.43,23.99,97.57,5.78,93.78,apple,13250.4
21.59,137.44,217.72,21.81,94.26,6.01,88.27,apple,16752.72
107.42,21.74,47.08,30.12,91.06,6.53,33.18,muskmelon,14541.88
108.45,43.67,40.54,22.59,74.15,7.15,74.69,cotton,2869.3
100.72,80.06,54.81,25.03,76.13,5.7,106.7,banana,38617.53
98.76,52.75,37.12,21.2,84.46,5.34,254.94,rice,6080.33
15.61,24.05,29.43,31.87,50.82,5.48,84.88,mango,8798.83
70.37,48.19,23.42,21.58,70.36,7.18,69.28,maize,6064.26
13.1,21.4,10.66,23.32,92.9,7.17,111.56,orange,12068.01
106.63,48.46,49.1,20.75,57.89,6.45,79.19,wheat,5086.44
110.36,11.71,52.73,24.28,77.75,6.44,47.64,watermelon,32147.34
19.56,19.05,9.98,23.53,90.7,7.06,93.92,orange,14774.51
121.22,41.09,46.46,23.23,68.75,6.42,54.18,cotton,2419.44
92.09,49.55,55.2,17.97,59.0,6.48,53.54,wheat,4854.49
101.1,21.32,45.31,25.34,88.13,6.15,27.98,muskmelon,13778.32
22.72,72.23,22.57,19.08,24.27,5.28,126.08,kidneybeans,2174.38
82.18,46.47,36.7,25.01,76.43,6.47,166.6,jute,3630.09
97.69,19.42,48.42,32.11,95.45,6.55,26.0,muskmelon,20106.86
58.65,50.6,51.38,37.17,92.39,6.33,129.63,papaya,33520.77
47.28,73.16,12.96,30.89,69.25,7.27,51.3,blackgram,982.83
111.75,98.93,42.84,23.15,78.77,5.54,105.92,banana,41504.34
94.76,9.63,52.53,22.98,81.15,6.65,59.39,watermelon,26394.67
111.8,48.76,39.16,29.34,63.38,6.65,111.49,cotton,2473.76
20.82,12.9,27.33,27.87,95.26,6.05,179.28,coconut,7900.28
14.78,153.12,185.94,25.17,92.11,5.97,104.22,apple,12975.46
15.75,57.19,22.29,21.79,69.94,6.79,52.04,lentil,1806.7
18.81,48.91,22.2,27.8,75.98,6.8,52.65,mungbean,1285.71
77.69,51.48,49.24,25.25,80.66,5.45,277.2,rice,5391.62
15.21,61.24,12.08,28.83,46.93,5.91,162.81,pigeonpeas,2138.83
92.18,9.08,44.16,21.38,88.59,6.57,50.1,watermelon,23315.57
23.31,134.73,172.62,24.91,85.86,5.98,104.62,grapes,18598.15
35.57,53.75,22.72,34.11,65.74,6.58,58.36,blackgram,937.6
17.99,71.41,14.23,21.51,22.6,5.84,92.09,kidneybeans,2002.71
28.59,23.13,36.27,29.47,41.02,5.77,89.91,mango,7842.35
19.6,66.5,14.97,28.72,45.31,6.0,127.6,pigeonpeas,2663.91
19.36,63.57,16.88,21.8,68.66,7.2,46.23,lentil,1386.52
112.11,42.53,47.82,21.85,66.35,6.51,79.96,cotton,2640.88
30.41,140.59,212.49,25.18,88.49,5.67,48.21,grapes,19993.21
86.77,37.11,38.88,24.66,81.96,6.4,175.8,jute,3434.7
106.83,55.64,39.28,21.46,65.66,7.16,51.34,cotton,2565.62
91.12,21.08,40.86,31.23,90.97,6.27,28.7,muskmelon,19141.69
108.34,53.73,45.6,25.01,68.44,6.58,78.96,cotton,2229.4
23.27,121.1,209.94,22.75,93.82,5.95,123.06,apple,18856.29
102.45,79.96,41.48,26.83,84.12,6.28,115.09,banana,39820.31
41.51,68.92,106.93,19.05,14.99,7.47,46.36,chickpea,1558.39
21.02,132.24,195.07,21.19,79.27,5.97,87.43,grapes,28182.53
14.43,69.29,21.06,21.57,20.71,5.82,116.02,kidneybeans,2739.5
21.6,16.25,22.44,27.03,91.35,5.53,148.29,coconut,5809.45
16.31,129.32,182.8,20.67,92.1,5.91,149.61,apple,12794.76
29.15,145.21,193.5,23.26,81.64,6.02,70.91,grapes,22777.19
101.07,11.49,43.39,31.19,85.14,6.54,62.57,watermelon,29524.11
26.47,15.55,30.39,31.04,92.62,6.26,196.42,coconut,7514.38
36.75,61.98,69.58,16.54,16.94,7.27,53.56,chickpea,1560.12
88.6,61.8,21.96,20.98,64.87,5.12,71.11,maize,6291.81
16.37,39.22,16.52,28.95,81.49,6.63,53.66,mungbean,1478.22
43.6,77.1,19.58,31.3,62.08,7.74,97.75,blackgram,1099.12
114.29,40.28,43.72,27.62,63.06,6.41,122.33,cotton,3277.35
15.36,63.9,18.88,24.56,64.24,7.03,63.63,lentil,1407.01
118.55,12.04,52.67,27.06,83.14,6.35,42.52,watermelon,26552.91
46.57,53.87,49.46,35.06,87.66,7.14,138.56,papaya,31860.86
18.81,18.75,35.86,22.37,88.08,6.45,120.74,pomegranate,10689.63
111.41,7.27,52.0,23.64,83.16,6.78,51.98,watermelon,20731.01
16.86,20.57,47.62,15.4,91.3,6.07,116.98,pomegranate,10860.55
82.87,57.45,48.74,18.99,46.93,6.35,69.18,wheat,5147.95
40.3,68.53,16.81,29.88,70.64,7.03,56.1,blackgram,1005.59
23.32,34.81,32.39,29.17,48.16,5.71,88.01,mango,10432.0
81.93,47.19,45.21,27.85,73.74,6.38,155.49,jute,2780.51
92.56,51.52,23.95,22.17,72.05,6.2,67.78,maize,8126.12
25.15,44.84,21.46,27.27,52.08,6.05,48.78,mothbeans,1521.08
45.3,65.22,25.19,31.53,73.64,6.86,48.71,blackgram,1018.45
24.45,45.78,20.7,27.91,80.37,6.67,47.56,mungbean,1433.78
17.09,22.76,42.0,21.33,92.51,6.61,97.85,pomegranate,12840.2
124.75,43.62,41.36,25.15,67.32,6.62,74.55,cotton,3323.34
109.35,84.96,44.41,26.92,84.85,5.62,117.73,banana,53026.22
29.01,61.49,10.73,27.75,48.08,5.87,140.07,pigeonpeas,1913.82
18.81,68.38,17.44,23.79,58.21,5.85,156.96,pigeonpeas,2047.18
21.3,152.53,181.62,24.27,81.91,5.96,67.37,grapes,20640.61
21.14,47.07,26.06,25.52,88.04,7.03,56.16,mungbean,1918.86
19.02,134.75,190.59,20.54,90.77,5.59,127.67,apple,13200.09
16.64,140.13,170.79,23.82,87.56,5.83,46.4,grapes,20175.29
111.24,14.75,55.19,32.21,94.29,6.74,25.85,muskmelon,15136.49
94.78,15.2,55.98,30.93,95.55,6.65,26.45,muskmelon,14065.09
75.85,50.63,39.98,27.04,81.69,6.58,177.19,jute,3891.76
21.74,44.6,23.07,29.02,89.06,6.8,78.35,mungbean,1158.65
18.81,119.9,194.19,25.51,91.13,6.13,86.53,grapes,20097.67
25.07,14.71,30.95,24.38,96.97,5.67,190.71,coconut,6158.91
84.97,49.15,45.73,22.09,54.78,6.54,97.16,wheat,4407.27
20.33,41.4,30.72,27.06,85.79,7.05,42.92,mungbean,1161.58
19.98,32.12,25.05,30.87,42.13,5.81,72.7,mango,9288.09
104.21,42.44,27.32,23.99,66.4,6.88,92.44,maize,6591.38
20.41,28.42,29.85,32.05,48.32,5.78,64.79,mango,9381.54
43.39,63.93,50.6,33.43,89.53,6.26,161.25,papaya,35644.74
18.54,16.53,36.86,17.46,90.06,6.48,120.07,pomegranate,11522.99
20.35,53.64,15.62,26.39,58.05,6.79,64.78,mothbeans,1123.71
15.46,76.42,24.21,28.05,54.76,5.35,122.39,pigeonpeas,1432.03
23.03,13.85,31.98,25.23,94.96,6.1,184.26,coconut,6765.05
39.62,77.86,66.14,19.52,22.47,8.18,66.93,chickpea,1762.98
21.61,13.09,29.19,33.19,91.86,5.76,146.75,coconut,6637.6
24.62,121.8,189.0,22.28,78.38,5.9,65.0,grapes,19495.18
45.34,65.06,53.99,34.83,95.79,6.83,171.62,papaya,35695.58
27.81,29.67,38.65,32.08,47.85,6.1,94.34,mango,9651.56
110.27,14.38,58.17,29.8,91.79,6.46,27.4,muskmelon,19460.1
22.29,12.28,8.86,24.51,92.43,6.66,93.62,orange,13724.93
72.27,48.12,42.49,25.9,86.8,7.08,176.98,rice,6322.76
25.53,126.42,202.61,22.3,82.09,6.1,94.18,grapes,17902.0
75.25,47.85,42.76,23.71,76.17,6.52,139.97,jute,2828.94
79.06,17.61,47.84,26.65,95.97,6.24,32.08,muskmelon,19041.18
29.76,27.23,35.91,32.01,55.57,4.86,88.91,mango,10838.26
90.0,78.7,42.73,28.94,80.72,5.75,97.16,banana,49062.84
48.3,63.13,42.82,30.11,90.55,7.13,143.38,papaya,36230.99
40.4,69.6,15.06,31.45,65.43,6.49,54.07,blackgram,1074.71
23.25,48.41,20.18,23.23,56.73,6.84,55.28,mothbeans,1111.38
94.19,6.07,47.12,23.06,87.33,6.77,59.39,watermelon,30074.1
48.06,57.37,49.04,32.7,89.66,6.74,163.51,papaya,37817.54
18.1,131.19,196.11,24.39,94.09,5.88,113.94,apple,12293.9
103.58,5.74,40.74,26.64,82.27,6.2,62.71,watermelon,27404.04
23.64,135.79,219.29,20.68,88.58,5.89,112.46,apple,15075.75
18.64,66.3,22.5,17.29,22.67,5.87,118.6,kidneybeans,1890.96
91.38,16.24,56.47,26.45,92.37,6.27,23.43,muskmelon,16816.35
92.44,41.72,24.07,21.44,63.6,6.4,91.8,maize,7468.58
10.47,40.88,20.89,24.07,77.59,6.7,43.56,mungbean,1667.83
78.82,42.1,45.23,25.29,75.32,6.95,179.49,jute,4063.75
46.85,71.48,82.84,15.04,15.46,7.87,84.69,chickpea,1661.72
45.25,51.37,50.67,33.67,93.09,7.14,107.32,papaya,37933.26
78.22,50.74,14.1,24.23,68.58,6.36,93.77,maize,7209.77
22.52,66.41,14.85,27.75,49.55,5.6,144.29,pigeonpeas,1941.6
18.84,65.12,27.36,26.6,42.81,6.0,133.08,pigeonpeas,1823.06
21.26,22.98,32.69,34.11,56.85,5.92,123.45,mango,9686.63
74.92,51.9,26.55,24.79,62.19,5.9,51.33,maize,6280.1
18.55,129.99,212.88,23.75,89.4,6.1,105.93,apple,16298.97
32.58,71.04,26.73,29.65,71.8,6.94,80.74,blackgram,755.16
24.47,37.86,15.57,27.33,88.52,7.45,46.72,mungbean,1092.94
19.73,17.11,37.69,21.63,91.72,6.92,130.82,pomegranate,10881.5
51.63,60.14,44.55,36.23,94.68,7.11,131.43,papaya,37154.78
15.55,117.0,211.04,20.86,93.31,5.83,110.66,apple,13073.16
73.37,50.85,36.18,19.39,73.86,6.02,207.79,rice,4947.2
18.51,43.24,18.29,25.99,53.24,6.63,36.06,mothbeans,1544.23
62.24,57.3,52.28,31.89,89.08,6.5,100.35,papaya,37150.52
11.69,29.58,16.16,36.43,57.51,5.62,95.19,mango,8435.73
22.38,59.27,17.31,27.49,49.28,6.16,133.57,pigeonpeas,1968.91
54.57,59.14,42.96,32.0,94.13,6.35,184.82,papaya,34498.34
38.11,69.16,86.46,17.35,15.38,7.76,83.82,chickpea,1519.5
57.0,61.28,45.98,38.51,92.24,6.53,170.24,papaya,31429.03
22.92,67.5,19.71,28.82,46.84,6.22,165.79,pigeonpeas,2454.01
22.77,18.36,45.22,22.17,88.69,6.08,112.5,pomegranate,9219.94
17.75,122.21,205.28,22.62,89.95,5.8,144.54,apple,12113.9
13.96,126.1,199.2,24.51,75.43,5.96,58.24,grapes,17676.01
85.98,46.91,32.47,24.48,78.32,6.36,137.85,jute,3763.16
17.96,39.17,28.7,25.42,85.29,6.97,53.22,mungbean,1293.29
101.97,10.23,51.16,25.14,78.63,6.1,27.86,watermelon,31792.73
66.33,42.27,45.81,23.24,80.85,6.64,187.66,jute,3081.67
99.75,10.83,47.85,24.03,91.9,6.67,58.27,watermelon,33747.92
90.56,15.03,45.42,27.78,91.37,6.21,26.35,muskmelon,21921.71
17.09,20.8,40.32,22.41,84.68,5.32,112.68,pomegranate,9407.23
96.49,41.3,46.19,16.64,43.53,7.08,67.98,wheat,4918.86
101.3,6.99,47.22,26.03,87.22,6.87,48.79,watermelon,23988.35
10.61,46.82,30.73,24.91,75.09,6.25,57.98,mungbean,1417.91
107.99,20.77,54.62,29.1,88.58,7.01,34.02,muskmelon,16095.69
15.18,45.93,20.16,30.92,83.55,7.02,63.29,mungbean,1703.17
20.63,65.65,15.04,25.11,51.33,5.97,160.55,pigeonpeas,2131.83
14.71,140.59,183.32,27.12,81.76,5.63,51.87,grapes,20802.62
19.51,24.92,34.92,22.65,86.07,6.55,126.53,pomegranate,7852.75
25.72,124.39,198.91,23.69,79.24,6.69,57.55,grapes,24788.44
5.81,67.92,19.47,27.09,56.63,5.53,164.44,pigeonpeas,2066.3
72.22,48.98,35.11,23.82,73.49,6.51,214.18,rice,5919.24
48.92,52.24,45.81,33.82,92.03,6.61,123.77,papaya,42201.86
102.34,98.93,45.82,26.47,85.39,5.99,98.31,banana,43810.13
23.44,28.83,37.1,27.1,53.34,6.0,68.23,mango,8424.21
16.7,78.93,18.77,25.47,65.03,6.35,25.55,lentil,1365.59
36.96,67.61,84.26,19.25,12.67,7.82,76.79,chickpea,2146.68
8.29,27.9,27.97,32.07,54.72,5.76,128.31,mango,9131.74
131.68,49.51,51.12,29.96,62.33,6.44,73.83,cotton,2324.85
84.93,48.92,35.71,24.4,79.12,6.06,276.8,rice,5610.61
15.93,17.63,32.58,28.09,93.68,5.83,160.03,coconut,6373.2
14.27,43.69,26.89,30.04,51.18,7.06,54.41,mothbeans,1540.3
18.11,47.61,19.71,29.65,79.67,6.68,68.12,mungbean,1696.79
36.96,65.36,69.43,21.67,17.22,7.61,64.44,chickpea,1196.83
90.31,52.66,35.8,22.38,83.66,6.49,185.62,rice,5514.43
24.59,30.63,26.78,32.59,46.22,6.37,81.14,mango,11074.35
113.88,14.64,47.63,31.53,91.23,5.66,23.99,muskmelon,16231.37
18.89,67.99,20.7,24.11,58.37,7.07,52.32,lentil,1817.15
23.99,58.7,20.23,21.12,27.57,5.56,111.49,kidneybeans,1786.49
93.53,52.42,43.77,18.07,55.15,6.33,68.95,wheat,4486.08
83.79,52.1,43.56,18.69,53.61,6.31,100.9,wheat,4803.63
108.18,17.12,45.9,28.88,94.72,6.56,20.99,muskmelon,18212.1
18.81,71.75,21.4,18.1,22.96,5.4,92.34,kidneybeans,2705.57
40.46,57.99,42.71,32.68,92.1,7.04,111.85,papaya,37064.63
16.66,67.69,14.71,15.0,22.6,5.88,110.24,kidneybeans,1799.48
19.88,16.05,11.45,26.02,90.86,6.74,86.66,orange,13020.0
19.35,15.06,10.46,20.49,96.43,6.56,118.9,orange,13984.05
90.24,53.48,16.87,19.36,63.99,5.6,83.73,maize,7954.49
20.09,124.9,218.56,24.62,89.35,5.75,111.13,apple,13993.08
86.11,50.8,45.4,24.67,84.3,5.96,150.17,rice,5951.19
23.58,128.92,179.89,18.64,95.95,5.51,107.49,apple,15629.85
34.43,59.3,25.53,25.45,63.98,7.94,67.82,blackgram,864.96
95.21,86.13,58.11,25.96,73.34,6.19,120.98,banana,41792.47
13.17,20.26,34.59,20.32,94.4,6.08,76.35,pomegranate,11185.26
17.28,12.9,41.87,21.53,90.19,6.43,101.14,pomegranate,12168.43
119.52,39.45,34.1,25.15,71.31,6.78,78.77,cotton,3484.14
18.74,26.37,33.04,31.73,49.84,6.15,35.66,mango,10566.62
18.82,19.32,8.97,24.0,98.18,6.68,115.84,orange,16460.14
97.06,20.7,46.94,32.29,91.23,6.54,18.18,muskmelon,16879.98
22.11,20.96,30.59,28.77,50.86,5.36,71.3,mango,11488.47
26.12,149.37,197.41,21.74,81.67,5.33,74.05,grapes,22711.42
19.56,16.63,30.35,29.02,97.21,5.89,180.81,coconut,7377.13
39.05,69.62,68.52,18.26,9.03,7.44,48.54,chickpea,1990.24
17.57,134.03,209.74,25.84,89.81,6.88,72.76,grapes,19411.94
22.84,62.75,26.81,23.28,31.46,5.36,109.86,kidneybeans,1687.71
41.03,64.12,16.0,29.0,73.72,7.72,71.26,blackgram,1051.59
107.59,9.55,49.6,25.56,86.33,6.07,62.86,watermelon,29595.34
14.37,21.73,43.64,21.13,95.0,6.42,133.45,pomegranate,11026.95
41.25,72.04,18.68,28.45,61.99,7.0,52.11,blackgram,1068.43
107.42,19.69,51.95,28.56,93.13,6.58,24.74,muskmelon,20755.18
31.34,75.47,80.41,19.33,20.85,7.19,80.1,chickpea,1571.55
98.73,85.78,36.39,27.33,74.25,6.1,84.27,banana,36812.28
94.04,38.19,42.95,21.86,60.29,6.51,64.08,wheat,4498.92
16.93,136.04,182.19,21.02,92.55,5.74,119.01,apple,15108.71
95.43,70.73,50.39,29.11,74.51,5.81,115.05,banana,47077.27
47.41,61.59,51.8,34.04,90.67,6.77,143.23,papaya,35554.56
86.22,40.15,36.36,22.5,81.63,6.31,205.33,rice,4753.45
21.05,129.96,180.31,18.61,89.46,5.86,113.87,apple,13214.01
87.37,42.72,48.42,23.01,73.27,6.99,160.21,jute,3389.9
19.81,12.92,31.44,28.26,94.62,6.31,169.79,coconut,7002.04
12.35,76.15,18.14,19.51,16.33,5.56,84.2,kidneybeans,2183.33
26.37,44.85,18.51,29.54,82.36,6.7,52.99,mungbean,1581.22
108.34,11.87,47.84,27.55,84.68,6.52,53.4,watermelon,40185.55
21.15,51.49,13.84,26.63,55.29,7.43,49.62,mothbeans,1424.27
84.97,42.37,39.81,23.65,81.05,6.54,156.51,jute,3313.29
73.53,42.59,48.44,24.76,81.96,6.74,202.32,rice,5024.08
103.53,10.19,48.7,23.34,79.58,6.16,54.05,watermelon,26772.11
20.05,23.43,11.65,21.51,89.55,6.71,116.71,orange,11795.48
18.17,15.86,10.55,22.22,87.57,6.6,131.66,orange,12654.82
30.71,39.26,20.47,24.75,40.47,6.89,52.39,mothbeans,1066.14
26.58,18.27,23.89,29.17,45.9,5.8,100.8,mango,9284.26
92.59,88.46,57.9,28.83,85.29,5.98,70.16,banana,38708.97
16.64,48.36,23.69,25.71,53.44,6.87,43.82,mothbeans,1168.52
82.32,52.0,23.77,24.38,68.54,6.18,106.4,maize,7031.5
80.16,48.4,50.12,21.57,47.13,6.49,107.13,wheat,6023.47
99.92,88.82,54.57,27.13,77.0,6.23,103.8,banana,39653.15
16.84,76.69,22.14,24.68,64.36,6.88,43.37,lentil,1499.23
48.39,61.36,50.41,33.79,91.95,6.22,142.63,papaya,37562.32
115.56,89.46,34.91,30.16,83.97,6.6,129.75,banana,42394.59
85.67,52.58,40.19,18.41,53.97,5.87,79.4,wheat,4238.52
46.67,61.48,44.21,37.33,95.95,7.0,114.19,papaya,34741.7
18.44,72.29,22.77,27.49,53.41,5.76,131.97,pigeonpeas,1933.1
20.01,21.2,44.69,20.87,86.24,6.2,112.45,pomegranate,11736.3
55.55,55.95,53.44,31.34,97.95,6.46,124.35,papaya,36886.22
91.59,43.9,44.82,23.83,86.11,6.95,192.64,rice,5068.91
10.16,71.27,24.05,18.01,23.26,5.44,106.95,kidneybeans,1970.39
84.43,46.14,33.44,26.76,91.23,6.87,202.51,jute,4273.69
73.92,43.02,23.26,23.72,63.83,6.02,56.03,maize,6862.16
52.72,57.54,53.35,34.83,94.7,6.74,121.2,papaya,33552.48
26.48,62.46,18.17,19.7,17.81,5.88,90.52,kidneybeans,2427.25
22.12,19.8,9.23,24.24,98.66,7.02,125.7,orange,11519.83
89.97,7.04,56.73,26.24,88.93,6.68,51.67,watermelon,32181.18
23.0,60.46,18.62,27.36,53.58,7.12,35.93,mothbeans,813.28
76.15,48.57,43.31,26.17,75.81,7.07,141.44,rice,5478.52
68.23,37.0,37.57,25.86,80.56,7.42,202.17,jute,2963.14
20.67,46.21,26.14,25.58,87.19,6.29,59.65,mungbean,1385.66
21.49,65.99,23.55,25.86,66.04,6.19,46.18,lentil,1897.99
86.72,18.5,56.87,27.44,88.49,6.46,20.84,muskmelon,17797.54
25.6,145.36,169.7,25.18,75.45,6.0,64.32,grapes,22084.32
52.7,46.57,25.5,25.92,58.85,6.25,75.69,maize,6354.53
21.92,135.68,204.1,21.59,92.28,5.86,78.84,grapes,23518.33
14.53,15.95,45.76,20.03,90.43,6.18,113.73,pomegranate,10766.41
77.73,46.84,41.64,25.11,83.04,6.73,124.82,jute,2810.06
93.03,38.62,40.95,24.74,78.28,6.81,179.74,jute,3696.28
44.38,75.36,73.96,17.31,13.08,7.38,87.95,chickpea,1539.54
22.5,59.54,19.15,26.37,52.14,6.12,107.51,pigeonpeas,2070.98
25.1,134.21,209.93,22.91,74.93,6.22,87.57,grapes,18524.08
19.89,40.8,24.79,30.26,75.26,6.99,40.89,mungbean,1537.59
20.49,19.12,41.1,23.06,95.77,6.21,128.56,pomegranate,11109.45
19.46,14.36,29.45,24.94,92.64,6.53,181.05,coconut,6505.58
43.46,61.65,97.03,18.61,22.9,7.28,100.27,chickpea,1806.82
89.87,50.32,38.12,17.18,49.28,5.9,84.0,wheat,5785.74
101.61,13.23,56.72,26.3,87.37,6.68,46.0,watermelon,27395.18
21.67,147.83,207.1,22.4,89.13,6.0,120.6,apple,16594.0
17.9,72.53,31.73,21.2,64.48,6.55,61.92,lentil,1287.5
86.85,43.26,43.14,23.6,46.72,5.98,83.05,wheat,5602.97
108.15,9.39,50.25,25.82,76.21,6.67,35.43,watermelon,35523.78
23.96,26.15,24.11,31.87,55.55,5.93,116.69,mango,9633.78
20.06,18.22,9.6,20.13,91.1,7.42,143.7,orange,10154.49
95.95,10.26,48.23,25.06,81.58,6.83,64.23,watermelon,28432.52
16.99,133.15,229.13,24.21,90.46,5.86,113.96,apple,12281.8
85.53,13.88,45.29,22.28,83.94,6.21,49.48,watermelon,28808.18
117.64,41.78,43.5,24.39,59.0,6.35,86.64,cotton,2955.9
19.96,29.93,32.92,31.11,52.39,5.69,66.41,mango,8448.84
106.3,45.66,45.41,23.39,73.45,6.25,84.25,cotton,3194.98
122.27,48.48,48.64,22.85,64.43,6.32,79.21,cotton,3140.36
64.62,46.7,36.45,23.75,80.77,6.24,131.46,jute,3756.1
23.39,16.85,31.28,25.63,92.99,5.91,198.22,coconut,8702.33
17.29,61.44,20.94,22.3,68.33,7.56,38.13,lentil,1630.28
17.61,16.73,29.5,29.23,97.06,6.3,152.64,coconut,6366.08
41.94,69.26,78.06,15.73,21.15,8.0,65.75,chickpea,1590.33
20.63,129.1,215.84,20.95,91.87,5.95,124.91,apple,16166.83
76.4,43.25,39.35,25.03,75.51,6.89,165.74,jute,3251.7
33.32,65.94,81.32,16.64,17.34,7.47,71.79,chickpea,1722.84
16.55,24.95,27.25,29.81,43.6,5.36,78.41,mango,10682.89
18.19,27.54,13.12,30.1,53.82,5.58,85.68,mango,8281.08
75.33,45.85,22.94,18.8,67.31,7.01,57.74,maize,7223.96
88.96,70.08,50.73,29.32,79.08,5.55,121.8,banana,48307.95
19.84,67.84,24.15,22.19,56.1,6.74,38.34,lentil,1527.77
21.88,16.09,13.15,25.09,93.3,7.09,111.32,orange,8703.84
44.58,65.25,78.83,16.09,23.22,7.4,100.49,chickpea,1909.77
73.52,55.99,35.13,26.03,76.79,7.04,163.04,jute,3567.88
14.5,66.36,25.54,25.13,68.22,6.94,51.23,lentil,1347.38
14.4,51.86,20.01,24.91,55.46,7.05,44.99,mothbeans,1469.73
19.16,15.64,8.97,23.8,89.84,6.83,95.8,orange,14724.11
44.57,60.27,95.9,19.72,22.2,7.1,52.51,chickpea,1555.7
19.42,66.27,24.45,25.76,44.17,5.82,169.58,pigeonpeas,2303.83
43.71,60.66,47.02,33.28,95.16,7.34,157.03,papaya,36747.03
43.91,63.44,19.9,29.5,62.86,7.0,50.99,blackgram,1311.63
22.26,70.96,16.47,25.44,64.65,6.81,50.35,lentil,1358.37
118.49,71.54,51.37,30.13,83.0,6.05,85.63,banana,34298.26
46.22,69.78,10.95,31.27,64.41,6.86,71.67,blackgram,1188.92
24.57,46.83,23.54,29.55,93.04,7.11,62.47,mungbean,1722.44
15.95,17.72,42.06,24.15,84.43,6.35,64.46,pomegranate,10974.68
21.56,130.1,206.33,27.05,85.84,6.44,53.3,grapes,22437.67
20.19,17.75,46.89,16.62,85.73,6.7,107.28,pomegranate,11636.41
22.51,153.02,200.66,26.28,83.47,6.18,43.93,grapes,21384.71
25.48,131.46,182.77,21.51,89.83,5.93,101.04,apple,10720.92
82.56,54.82,53.95,16.32,52.99,6.85,70.54,wheat,5715.3
49.45,69.19,15.8,30.44,63.24,7.1,76.71,blackgram,1308.79
15.64,19.37,38.16,19.21,91.72,6.95,121.5,pomegranate,12869.51
30.6,71.56,61.17,16.88,19.31,7.56,79.38,chickpea,1667.79
18.92,15.13,10.94,24.38,91.15,7.2,121.3,orange,14419.46
21.22,52.78,17.58,27.91,52.92,7.0,56.91,mothbeans,1273.92
46.34,46.89,50.71,34.87,95.05,6.44,116.97,papaya,33685.59
24.61,14.44,30.57,23.98,93.52,6.13,226.75,coconut,5211.34
18.62,68.66,11.98,20.37,66.48,6.94,41.74,lentil,1122.31
22.0,10.62,7.76,23.78,94.63,6.54,125.9,orange,12450.15
90.58,50.38,50.69,17.24,50.85,5.79,73.33,wheat,4576.49
18.27,16.24,33.97,23.4,96.65,6.31,163.79,coconut,8109.01
106.12,19.65,48.99,25.5,92.92,6.67,28.63,muskmelon,18068.22
17.38,22.9,26.07,34.9,53.68,5.98,118.54,mango,11339.9
83.15,47.94,50.25,24.08,81.92,7.41,160.37,jute,3528.9
79.51,42.15,37.84,29.52,86.14,6.26,115.83,jute,3422.42
17.91,125.42,185.31,23.72,87.85,6.0,62.35,grapes,17013.57
115.11,47.63,48.21,21.56,74.19,6.98,66.87,cotton,2879.59
13.83,49.65,15.93,27.27,87.52,6.86,62.37,mungbean,1386.44
111.58,91.79,54.75,28.05,80.46,5.85,85.94,banana,42862.65
16.77,13.44,29.31,26.95,93.66,6.17,214.6,coconut,6947.38
80.97,52.84,36.49,22.34,80.04,5.27,208.88,rice,6033.42
22.76,141.22,190.22,21.73,89.38,5.64,119.32,apple,13655.76
22.43,23.68,30.51,29.91,44.61,5.46,99.52,mango,8570.61
25.88,42.34,14.51,29.37,84.56,6.56,57.9,mungbean,1265.97
17.09,51.54,30.42,25.98,51.3,6.87,58.86,mothbeans,1066.44
23.1,132.78,205.15,27.75,82.52,6.18,54.37,grapes,23579.77
107.91,43.05,39.77,23.07,62.2,7.19,83.46,wheat,4537.03
44.09,69.98,20.85,28.31,68.04,6.77,66.47,blackgram,1411.47
34.35,65.75,92.57,16.39,19.08,7.28,84.37,chickpea,1920.23
22.32,28.67,35.42,29.79,45.29,5.61,75.64,mango,10564.4
70.09,45.17,40.5,21.99,74.25,6.03,168.13,rice,5967.07
20.16,135.13,188.77,19.45,91.88,6.31,115.64,apple,14070.84
62.97,49.27,22.34,24.17,65.49,6.15,77.17,maize,7251.57
20.93,28.68,29.01,31.74,45.04,5.41,99.73,mango,10978.65
109.28,6.84,51.02,24.63,93.39,6.78,43.7,watermelon,29026.9
93.7,19.04,58.9,31.66,90.27,6.58,17.85,muskmelon,17991.52
45.2,62.91,18.86,28.12,63.07,7.3,69.62,blackgram,1588.17
23.19,76.08,13.04,27.93,39.92,5.73,144.03,pigeonpeas,2211.64
19.66,70.16,23.7,33.14,36.75,5.98,137.86,pigeonpeas,1850.07
98.74,49.31,52.76,24.84,56.57,7.32,86.13,wheat,4729.33
77.57,48.29,24.24,17.51,61.97,6.11,109.0,maize,6434.13
14.01,64.29,22.63,24.02,69.71,6.95,42.48,lentil,2106.85
21.86,134.68,195.26,26.32,84.54,5.52,76.86,grapes,23669.8
24.63,131.1,186.8,23.66,94.41,5.83,157.55,apple,12899.91
18.97,68.41,16.36,31.5,53.2,5.58,122.31,pigeonpeas,2008.46
94.96,46.22,40.89,24.5,48.39,6.37,94.92,wheat,5060.17
17.51,64.09,16.2,16.46,23.41,5.15,80.43,kidneybeans,1785.19
17.44,73.16,27.27,23.04,61.39,6.94,54.31,lentil,1726.27
18.96,74.03,12.36,17.89,22.38,5.4,89.15,kidneybeans,2316.52
14.68,25.34,27.13,30.9,43.16,5.79,122.32,mango,10250.11
20.58,69.95,8.9,25.6,52.44,5.89,146.06,pigeonpeas,2241.74
46.1,63.62,97.12,12.76,19.3,7.64,61.07,chickpea,1722.0
20.75,71.85,31.91,29.65,53.8,5.65,128.48,pigeonpeas,2033.85
121.08,43.69,50.37,17.54,70.6,6.74,86.85,cotton,1387.44
99.0,16.12,53.43,29.84,91.76,6.57,14.19,muskmelon,16285.56
25.88,16.79,28.82,27.56,97.22,6.04,211.45,coconut,7929.96
44.66,69.98,18.44,28.41,63.76,7.09,63.26,blackgram,1223.79
61.2,49.73,43.83,26.57,80.14,6.44,154.99,jute,4237.17
12.77,15.93,39.08,20.77,85.55,6.85,104.96,pomegranate,11164.81
19.44,29.68,31.67,28.63,48.38,5.9,105.21,mango,10522.14
29.27,51.12,21.2,28.97,48.01,7.29,70.91,mothbeans,1329.51
24.4,17.9,7.64,20.66,95.77,6.83,132.44,orange,12878.51
86.92,48.45,48.67,19.54,53.54,6.98,63.21,wheat,4324.66
73.69,43.66,42.23,24.79,76.23,7.03,178.51,jute,3856.22
15.52,133.08,199.88,21.76,74.74,5.97,65.5,grapes,19721.43
26.52,70.93,17.94,20.51,21.28,5.7,98.49,kidneybeans,2531.61
21.17,47.59,24.96,29.49,86.49,6.84,47.96,mungbean,1833.39
33.5,42.72,18.23,25.54,57.76,7.31,67.7,mothbeans,1372.33
86.55,42.54,24.45,22.34,67.77,5.41,67.1,maize,7540.14
17.92,68.17,20.56,19.64,23.19,5.91,119.69,kidneybeans,2300.33
82.72,41.62,34.59,25.11,81.8,6.34,200.85,rice,5724.78
77.09,47.33,37.7,24.32,77.12,7.28,211.6,jute,3988.41
82.47,43.03,40.2,22.85,79.99,7.58,221.15,jute,3607.64
73.96,50.9,54.96,22.75,42.15,6.01,89.11,wheat,4244.06
21.04,122.32,188.14,21.44,89.17,5.65,110.72,apple,15221.86
100.96,11.1,44.36,27.53,92.16,6.28,51.94,watermelon,30386.46
91.5,17.16,50.34,28.86,90.96,6.24,33.43,muskmelon,22534.64
20.19,18.37,10.08,18.59,95.4,6.4,101.66,orange,14480.61
29.46,48.72,6.48,28.68,83.26,6.68,45.31,mungbean,1473.2
17.16,131.6,230.27,24.22,80.36,6.15,80.45,grapes,19428.54
89.7,46.85,19.78,18.94,67.57,6.29,83.76,maize,8026.26
16.58,132.35,187.14,22.98,94.32,5.48,99.88,apple,15217.77
14.92,68.57,27.14,26.24,66.15,6.8,48.69,lentil,1440.78
22.58,14.02,10.43,22.23,94.24,7.27,123.88,orange,10138.95
89.47,16.98,49.68,29.85,93.35,6.38,24.33,muskmelon,16531.28
34.88,66.6,70.35,19.52,15.82,8.15,90.86,chickpea,1782.43
33.79,69.67,78.45,12.28,15.42,7.38,101.32,chickpea,1747.74
27.89,145.71,194.83,22.73,78.11,6.19,72.41,grapes,21295.09
118.34,46.91,39.41,23.2,64.26,6.16,79.33,cotton,2767.6
108.86,96.25,43.18,26.9,78.62,6.13,109.31,banana,39461.78
19.81,65.95,19.65,24.18,65.54,7.2,52.44,lentil,2219.97
14.73,45.22,12.99,32.18,84.89,6.68,54.88,mungbean,1544.0
17.37,9.22,30.59,29.63,95.69,6.09,206.67,coconut,6659.51
42.33,75.61,70.51,23.24,20.8,7.43,90.03,chickpea,1303.83
63.64,52.18,50.91,29.46,86.01,6.73,145.49,papaya,35178.18
82.58,47.63,30.41,22.95,82.3,7.23,194.23,rice,5906.92
36.03,57.64,20.77,29.83,70.68,7.11,88.01,blackgram,989.54
56.28,49.86,56.86,24.98,47.71,6.2,82.03,wheat,3810.76
84.99,50.1,22.46,20.95,54.23,6.55,75.42,maize,6419.7
98.18,14.31,50.18,28.63,79.15,6.03,38.8,watermelon,30990.08
24.12,137.94,198.18,23.86,89.12,5.73,109.98,apple,12190.68
19.24,63.18,10.34,20.49,58.66,6.63,44.4,lentil,1227.81
82.58,56.37,19.97,23.34,59.54,5.81,98.91,maize,7731.64
32.14,62.74,24.97,30.51,64.36,6.85,75.28,blackgram,967.1
79.18,44.93,44.75,16.33,50.17,6.12,78.51,wheat,4125.14
42.29,57.56,74.15,17.91,15.27,7.22,62.98,chickpea,1740.35
43.99,52.32,52.24,32.19,91.5,6.59,172.41,papaya,39503.25
90.07,8.9,51.41,25.91,88.49,6.64,50.07,watermelon,26828.83
24.76,146.76,196.69,23.19,84.67,5.47,65.45,grapes,21111.17
19.07,60.0,31.39,25.53,42.84,5.67,174.76,pigeonpeas,1916.39
93.34,40.03,49.87,23.68,43.95,7.34,81.29,wheat,4351.01
95.5,47.32,54.59,20.59,60.38,6.16,101.04,wheat,4798.85
4.12,69.4,21.46,24.62,43.11,6.63,142.89,pigeonpeas,2059.96
75.35,37.98,23.18,19.52,65.3,6.14,112.21,maize,5559.88
23.46,41.88,27.12,31.1,89.41,6.47,45.94,mungbean,1383.44
110.48,50.13,54.59,22.63,59.09,6.55,93.13,cotton,2580.03
19.42,23.39,9.39,23.17,86.21,7.13,132.84,orange,11030.78
41.26,67.42,82.15,22.73,20.96,7.76,66.17,chickpea,1493.47
104.54,7.96,51.8,24.54,86.41,6.28,44.15,watermelon,33219.95
23.75,138.09,155.96,19.37,85.44,5.85,118.81,apple,12956.91
16.93,55.5,26.76,27.07,81.86,5.91,34.18,mungbean,1086.61
47.53,62.6,20.81,32.99,58.44,7.12,55.97,blackgram,986.3
74.32,54.75,56.55,19.69,49.16,6.54,92.43,wheat,4290.36
34.59,67.08,14.35,28.55,37.63,5.77,149.32,pigeonpeas,2114.46
16.7,69.16,15.36,26.58,61.83,7.24,43.66,lentil,1626.1
23.82,67.73,17.25,28.34,52.73,5.95,131.43,pigeonpeas,2385.16
21.63,146.49,223.07,20.78,83.64,5.77,65.28,grapes,21232.43
22.0,139.83,165.9,24.21,86.3,5.75,56.45,grapes,15808.3
21.68,36.48,18.19,33.41,51.85,7.13,65.42,mothbeans,1186.83
83.76,45.0,38.54,21.8,91.26,5.99,168.27,rice,6247.65
124.41,8.32,55.9,26.71,84.93,6.24,42.32,watermelon,23864.62
15.15,68.55,16.87,20.99,13.44,5.44,82.48,kidneybeans,2380.97
72.8,45.7,45.29,23.69,73.18,6.16,188.45,rice,5218.19
72.85,55.89,43.93,28.6,77.68,6.82,150.77,jute,3766.14
27.07,70.24,17.49,27.1,49.19,5.41,146.13,pigeonpeas,2412.87
71.42,46.48,13.27,20.36,62.62,6.44,90.25,maize,7358.38
19.55,24.47,38.1,20.25,88.32,6.35,52.09,pomegranate,11115.47
16.59,72.84,24.97,30.75,43.74,5.94,161.65,pigeonpeas,1945.46
98.24,48.03,19.05,21.29,64.1,6.69,40.76,maize,7909.07
37.36,71.89,12.71,30.47,55.08,6.92,74.61,blackgram,1010.89
20.39,139.18,189.09,25.28,83.06,5.82,76.93,grapes,23696.52
96.82,77.67,49.56,25.83,82.43,6.06,120.47,banana,39446.39
118.7,39.93,39.38,24.1,63.31,6.54,90.55,cotton,2759.38
17.64,13.65,9.29,21.73,91.97,6.73,105.6,orange,10623.34
37.19,60.86,25.95,31.33,64.86,7.41,77.94,blackgram,968.87
22.92,13.73,10.73,20.99,91.43,7.05,109.87,orange,14163.17
21.67,142.26,180.54,28.74,86.28,5.49,58.36,grapes,22673.59
72.5,52.3,18.06,21.91,65.13,5.04,84.72,maize,6709.01
13.53,48.68,20.13,26.57,57.05,6.96,59.58,mothbeans,1254.3
77.43,13.21,57.97,22.97,83.86,6.53,40.4,watermelon,19352.65
46.23,67.69,89.51,16.9,12.89,7.22,96.44,chickpea,1569.91
27.85,54.0,19.84,27.83,62.4,6.96,47.72,mothbeans,951.07
17.89,15.72,10.38,24.07,89.34,6.92,110.9,orange,13976.37
18.09,67.38,18.01,17.63,20.8,5.78,104.1,kidneybeans,2687.18
18.63,56.99,10.01,28.07,51.07,5.91,152.35,pigeonpeas,2281.58
80.42,46.42,42.11,26.8,86.52,6.79,148.26,jute,3445.36
21.57,50.29,19.06,27.79,51.93,7.09,55.19,mothbeans,1371.77
19.4,135.41,209.06,27.02,81.23,5.84,71.6,grapes,25193.67
22.61,25.37,29.04,28.32,45.74,5.99,95.66,mango,9660.78
79.52,43.89,25.61,22.0,64.95,5.84,88.1,maize,7936.06
22.03,137.08,187.08,23.29,74.37,5.94,64.42,grapes,22465.41
101.46,66.86,49.69,27.46,79.57,5.83,86.07,banana,47272.56
20.81,100.7,203.71,21.4,89.05,5.89,137.45,apple,12327.97
20.62,152.22,185.8,25.55,92.1,5.25,110.42,apple,15134.43
90.38,45.45,38.65,21.04,79.78,6.19,222.71,rice,5118.42
72.27,46.82,37.57,23.16,93.57,5.07,220.59,rice,4511.88
22.45,28.32,29.62,33.19,54.85,5.82,96.09,mango,10980.9
94.19,48.55,49.34,20.97,46.66,7.0,72.38,wheat,4700.78
19.69,69.21,20.42,29.6,52.62,5.48,166.38,pigeonpeas,1865.02
45.61,64.69,17.43,29.09,66.69,7.14,22.33,blackgram,1283.57
24.19,15.46,30.61,26.2,93.83,6.3,134.12,coconut,7888.72
72.97,47.83,48.85,21.75,91.06,6.35,183.13,rice,5985.07
107.23,18.57,49.09,27.51,95.5,6.35,27.88,muskmelon,17066.44
22.99,141.75,194.48,21.04,87.22,5.96,135.65,apple,17033.82
15.83,24.93,30.59,29.39,49.81,5.64,91.82,mango,9301.71
21.14,66.38,22.96,21.36,22.92,5.45,110.53,kidneybeans,3084.43
55.57,62.39,54.41,35.17,92.85,6.65,126.55,papaya,33335.67
59.04,41.16,40.03,25.18,72.97,6.24,176.41,jute,2684.23
16.15,138.5,219.96,25.78,92.99,5.95,71.34,apple,16042.58
21.48,149.08,193.87,23.18,91.69,5.41,128.7,apple,12446.17
45.93,75.18,77.62,18.14,15.29,7.85,82.98,chickpea,2202.2
23.06,18.2,28.47,27.18,96.82,5.69,208.39,coconut,6108.96
27.72,137.46,190.9,26.67,75.21,5.97,83.5,grapes,19012.81
21.53,14.06,42.68,17.66,87.48,6.14,122.64,pomegranate,10745.82
22.49,21.84,34.99,23.07,88.05,5.94,98.51,pomegranate,11310.6
112.16,10.88,49.99,24.69,87.41,6.38,41.47,watermelon,30982.57
24.41,137.09,191.54,20.28,90.45,5.67,97.08,apple,11427.45
22.01,27.75,30.17,29.72,49.83,5.55,88.95,mango,11407.59
18.15,44.01,20.2,28.87,51.03,6.96,54.06,mothbeans,1109.29
45.85,68.67,80.8,19.66,15.41,7.51,40.71,chickpea,1896.37
17.95,23.33,17.61,28.92,55.56,5.58,91.61,mango,10076.08
86.16,50.97,38.45,23.65,75.74,6.46,194.45,rice,5500.61
88.66,42.0,38.33,22.05,78.73,6.88,212.15,rice,4866.07
15.49,16.12,11.57,20.77,89.58,7.45,81.47,orange,9496.83
4.15,69.05,17.56,31.19,48.1,5.44,148.0,pigeonpeas,1653.13
22.42,46.3,19.79,28.04,80.99,6.87,53.6,mungbean,1846.05
85.39,42.81,39.05,21.25,75.09,6.46,257.28,rice,4627.52
21.1,40.67,11.15,28.73,51.08,6.86,50.82,mothbeans,1042.08
37.04,68.62,99.54,16.48,14.82,7.94,102.44,chickpea,1649.59
20.16,51.0,13.96,29.62,80.75,6.56,54.31,mungbean,1291.08
20.16,46.37,21.95,27.69,51.4,6.27,41.6,mothbeans,1464.07
68.04,52.06,46.78,22.86,87.02,6.18,180.65,rice,5867.74
39.75,68.8,23.31,27.92,73.44,7.07,78.9,blackgram,1054.06
17.25,15.08,40.4,23.87,84.78,6.26,95.95,pomegranate,10788.1
30.65,66.06,81.9,19.35,16.47,7.51,35.68,chickpea,1447.11
89.72,51.23,46.84,21.07,85.43,6.53,147.24,rice,4553.93
15.69,17.65,7.59,19.69,95.58,6.64,63.67,orange,12617.36
84.18,55.59,49.71,21.37,52.85,6.72,84.64,wheat,5874.36
29.36,67.5,73.97,19.3,19.41,7.29,62.32,chickpea,1596.38
20.03,14.15,38.34,21.91,89.8,6.58,85.68,pomegranate,12220.01
79.73,49.22,18.88,24.98,57.0,5.59,82.93,maize,5739.43
71.79,47.16,17.64,18.04,68.74,5.46,89.78,maize,8790.07
76.44,94.6,55.43,27.89,89.54,5.71,142.75,banana,33085.65
96.01,10.15,55.92,25.51,81.69,6.62,67.08,watermelon,31917.49
20.11,119.73,190.94,24.44,85.37,6.05,74.2,grapes,20635.26
17.94,45.36,26.77,21.56,86.98,6.71,32.19,mungbean,1367.69
18.35,17.91,41.61,21.23,91.14,6.41,108.17,pomegranate,10091.79
117.85,38.57,42.83,31.35,62.45,6.56,93.6,cotton,2896.07
69.23,50.59,31.52,25.96,83.99,6.63,176.31,jute,4001.05
52.35,62.67,58.67,33.47,92.19,6.43,150.72,papaya,38124.87
20.94,22.38,24.46,25.49,98.79,5.89,160.88,coconut,7345.29
17.58,72.78,19.81,26.78,50.96,5.92,156.14,pigeonpeas,2210.75
73.47,55.26,21.63,22.6,68.11,5.43,105.78,maize,7103.51
36.49,46.71,22.55,26.7,54.48,6.73,46.89,mothbeans,1549.82
20.42,18.35,11.34,21.16,91.79,6.85,105.79,orange,11846.17
10.25,57.75,23.7,29.01,47.71,5.38,134.84,pigeonpeas,1849.28
25.38,14.78,31.5,27.99,95.66,5.76,154.44,coconut,7503.96
20.9,44.14,11.13,26.63,49.91,6.83,47.55,mothbeans,1401.2
109.75,10.9,58.74,28.37,83.29,7.25,50.24,watermelon,23721.45
17.66,16.85,35.38,21.54,90.56,6.62,86.45,pomegranate,9414.72
91.01,9.14,47.38,26.27,93.05,7.49,28.48,muskmelon,21272.41
88.36,42.35,42.65,25.88,69.64,5.6,217.31,rice,5285.09
90.22,9.9,46.14,23.23,85.53,6.05,39.92,watermelon,36092.58
75.8,46.59,33.28,21.16,76.98,5.62,198.96,rice,5945.42
25.32,48.86,25.76,25.57,55.34,6.45,39.86,mothbeans,1116.58
15.24,148.05,223.64,24.04,88.61,5.83,41.01,grapes,17564.9
23.08,14.77,27.62,26.85,93.04,6.21,138.83,coconut,7075.81
79.75,62.93,21.84,21.37,69.61,6.24,93.4,maize,7350.22
31.4,132.98,187.73,24.25,79.25,5.81,75.5,grapes,16259.16
29.87,62.65,99.11,14.16,18.57,7.8,54.18,chickpea,1569.3
24.31,118.5,185.51,22.38,78.68,5.59,72.05,grapes,17265.67
49.89,56.39,53.07,30.71,89.96,7.0,139.52,papaya,30668.94
36.34,81.61,24.22,32.2,67.46,6.52,73.92,blackgram,1215.66
15.93,24.69,31.6,28.37,54.97,5.54,92.01,mango,8433.44
13.81,119.92,151.24,26.22,92.64,5.52,123.05,apple,11468.43
87.08,39.79,46.76,17.95,44.99,6.36,101.97,wheat,5094.82
101.9,43.96,35.8,21.8,71.38,5.74,177.23,rice,5307.06
73.54,51.51,44.23,19.81,51.64,6.66,81.33,wheat,5998.02
66.56,48.54,19.83,21.58,64.36,5.06,74.03,maize,7377.05
74.69,45.12,38.62,18.4,74.42,6.68,249.35,rice,5280.33
24.64,65.52,14.23,28.54,43.88,5.64,175.51,pigeonpeas,2349.04
82.8,42.37,52.23,23.26,82.55,6.36,214.43,rice,5551.28
22.51,141.1,225.07,24.5,85.28,6.1,84.26,grapes,20010.01
54.82,51.61,51.55,33.29,92.99,6.47,119.66,papaya,33117.81
94.86,55.94,60.95,21.74,51.63,6.6,69.7,wheat,4774.37
110.8,45.98,56.2,25.03,47.23,6.78,99.43,wheat,4042.63
44.23,67.48,17.55,30.08,78.18,7.35,85.44,blackgram,1194.14
17.29,47.42,29.49,27.77,90.43,6.71,44.16,mungbean,1339.6
90.5,45.16,48.53,16.0,46.99,6.66,51.11,wheat,5170.9
83.08,39.45,33.26,24.49,82.85,5.91,200.55,rice,5752.84
135.61,40.8,41.04,22.52,65.94,6.34,83.6,cotton,3154.18
50.78,60.28,53.55,35.71,91.71,7.33,106.81,papaya,37112.78
17.39,83.38,26.8,25.51,49.16,5.62,128.71,pigeonpeas,1576.26
43.44,61.46,55.62,32.84,90.63,6.75,143.11,papaya,35615.57
18.36,65.5,23.35,27.74,61.23,6.4,25.98,lentil,1472.1
94.33,42.91,39.2,15.42,56.31,6.22,113.37,wheat,4112.42
58.3,52.46,13.94,23.46,65.07,5.52,76.86,maize,7256.5
34.18,119.71,195.73,18.95,80.5,6.19,79.81,grapes,19156.93
19.6,65.1,17.6,21.39,20.45,5.67,148.4,kidneybeans,2017.72
22.62,133.8,237.87,24.74,71.82,5.84,40.01,grapes,18381.84
40.83,68.06,28.19,27.14,58.57,6.52,73.59,blackgram,1156.58
107.26,12.88,55.38,26.13,90.34,6.18,34.98,watermelon,27908.26
72.69,47.83,48.97,21.96,83.12,5.99,235.65,rice,7320.19
79.69,47.15,40.4,25.69,90.96,7.47,159.02,jute,2461.4
36.85,67.41,20.08,26.17,57.64,7.1,56.94,blackgram,1311.04
17.19,44.2,18.03,28.76,78.44,6.58,48.59,mungbean,1231.73
104.35,8.34,46.22,25.98,96.92,6.8,62.66,watermelon,26992.96
80.54,50.97,53.37,16.92,50.66,6.15,92.93,wheat,4114.24
26.63,60.97,22.93,18.53,17.75,5.77,125.19,kidneybeans,2114.55
77.45,55.52,26.75,25.18,88.23,4.96,189.72,rice,4857.48
17.04,58.77,17.86,30.06,46.32,5.55,167.51,pigeonpeas,1975.94
132.84,11.57,48.66,26.74,84.38,6.76,51.59,watermelon,25951.97
92.56,8.35,56.86,25.04,87.83,6.95,26.42,watermelon,31817.72
16.51,22.14,24.42,31.15,46.72,5.76,83.94,mango,8468.49
17.43,67.57,8.92,23.61,69.18,6.58,38.49,lentil,1702.09
21.12,135.61,211.88,22.86,78.79,6.5,83.77,grapes,24306.88
116.39,55.12,42.5,23.67,61.77,5.98,92.32,cotton,1816.24
23.33,17.02,30.58,27.11,96.33,5.23,205.89,coconut,5300.19
20.23,11.44,31.6,25.91,98.58,5.99,178.21,coconut,6753.05
17.91,52.49,15.87,31.69,94.67,6.78,48.88,mungbean,1590.63
18.64,63.12,20.8,23.15,61.17,7.12,30.62,lentil,1742.07
42.48,65.32,85.11,23.81,20.45,7.49,70.25,chickpea,1620.09
72.87,46.86,15.03,16.88,64.04,7.21,100.69,maize,6845.86
20.75,18.77,8.9,18.46,93.75,6.72,82.23,orange,10785.57
75.28,56.37,26.7,19.4,69.15,6.41,62.03,maize,7485.79
23.19,120.97,185.15,22.35,82.23,6.02,92.16,grapes,21627.77
102.56,6.54,46.12,22.67,74.92,6.5,42.02,watermelon,35820.19
87.61,47.25,44.64,19.92,55.86,6.77,69.44,wheat,5454.28
95.31,42.67,48.3,26.7,81.98,6.92,175.34,jute,3967.15
26.13,61.21,22.99,28.1,56.61,6.69,74.88,mothbeans,1188.69
83.84,57.88,12.18,25.23,65.52,5.55,58.39,maize,6396.91
17.66,17.53,7.92,19.09,97.18,7.17,104.72,orange,12493.56
77.56,51.73,43.49,29.49,84.79,6.75,145.65,jute,3075.66
82.89,60.28,36.81,21.94,78.88,5.72,180.88,rice,6350.52
112.08,9.05,45.99,28.89,82.74,6.55,54.51,watermelon,23915.45
83.07,52.06,43.15,21.34,79.2,6.37,218.31,rice,5793.9
106.63,48.74,38.0,28.95,76.03,5.99,63.73,cotton,2999.93
22.0,11.44,29.83,25.85,95.02,6.12,204.85,coconut,7827.78
14.24,53.8,15.95,21.91,23.55,5.63,104.55,kidneybeans,2120.62
24.92,43.51,16.17,27.08,73.74,6.8,46.27,mungbean,1583.07
92.53,10.84,52.84,26.99,84.36,6.79,29.62,watermelon,24566.22
53.53,58.14,50.85,31.2,91.04,6.55,139.99,papaya,33280.91
84.97,47.31,43.24,26.05,80.83,5.88,247.38,rice,6186.03
24.01,134.0,173.92,21.28,91.4,6.02,72.59,apple,13761.36
114.14,83.75,54.84,25.56,83.98,6.2,110.8,banana,47481.26
108.45,86.83,57.58,25.92,88.37,5.73,84.75,banana,33802.92
102.41,9.63,54.16,24.54,86.16,6.84,57.91,watermelon,32035.68
96.65,53.07,30.8,20.44,78.88,6.01,215.53,rice,4729.35
115.59,11.42,52.31,26.97,97.27,6.96,25.16,muskmelon,18890.07
20.52,46.33,18.45,24.9,54.32,6.79,58.45,mothbeans,1321.23
21.76,17.76,10.28,25.07,94.62,6.82,98.22,orange,11659.75
14.33,15.32,48.67,21.77,90.32,6.43,112.84,pomegranate,11387.26
17.09,52.27,21.24,27.98,89.39,6.84,63.47,mungbean,1325.33
94.97,11.07,42.73,24.62,86.46,6.6,51.55,watermelon,30227.62
90.7,9.09,56.75,29.44,93.56,6.32,27.14,muskmelon,14094.56
60.17,63.11,53.41,31.39,93.88,6.77,152.4,papaya,31056.01
21.38,21.93,9.85,24.22,97.01,7.31,109.66,orange,13034.2
18.3,69.85,19.38,20.92,20.51,5.65,85.2,kidneybeans,2620.4
113.86,40.38,51.59,26.92,79.24,6.36,69.13,cotton,2654.59
101.74,24.92,46.28,27.36,91.84,6.29,30.49,muskmelon,11509.86
109.94,18.2,47.68,27.64,86.76,6.45,28.44,muskmelon,18085.23
74.79,53.54,49.22,18.31,43.6,6.94,84.75,wheat,5009.27
17.63,52.79,6.44,27.7,45.85,6.66,48.01,mothbeans,1108.92
93.37,16.25,47.69,29.41,94.88,6.47,24.59,muskmelon,18533.75
37.75,69.47,16.14,29.88,57.43,7.19,94.47,blackgram,1612.86
26.63,24.08,20.29,35.72,61.34,5.76,69.59,mango,9411.6
83.94,45.9,41.45,27.15,86.36,5.84,236.04,rice,5215.15
26.04,137.19,154.49,24.6,73.72,6.19,91.12,grapes,16949.22
39.98,67.79,23.75,25.97,66.67,6.91,55.42,blackgram,1004.69
112.01,16.37,50.69,28.59,90.24,6.94,19.41,muskmelon,17766.21
16.6,27.88,36.65,29.82,45.69,5.73,90.47,mango,10703.44
69.83,51.3,24.69,18.78,61.19,5.62,66.2,maize,7628.62
76.02,50.14,47.95,23.26,52.37,6.49,87.27,wheat,5881.85
18.54,15.13,37.05,23.49,89.85,6.61,104.7,pomegranate,9924.93
29.36,70.29,70.2,14.54,12.94,6.96,52.67,chickpea,1404.83
19.98,142.93,184.13,22.78,89.48,5.65,41.3,apple,17070.07
101.37,91.52,51.73,26.88,85.21,6.07,107.43,banana,44870.92
79.23,43.42,46.84,23.61,81.14,7.11,154.09,jute,4017.85
16.34,14.71,12.14,21.26,96.7,7.16,102.12,orange,14222.87
18.37,27.34,28.79,31.25,56.43,5.66,71.75,mango,9996.71
19.2,29.55,33.79,32.21,48.6,5.29,103.24,mango,10629.41
47.03,53.02,53.12,32.45,92.51,6.62,141.88,papaya,33892.15
24.3,19.7,27.56,26.38,96.8,5.47,135.59,coconut,7126.44
83.57,55.39,37.41,21.38,79.49,6.46,209.86,rice,5349.89
23.83,59.92,21.5,21.86,20.75,5.91,161.29,kidneybeans,2393.92
26.59,54.37,19.14,30.2,86.79,6.72,58.07,mungbean,1439.93
83.23,50.09,27.01,23.3,57.48,6.53,65.04,maize,6691.04
47.48,66.58,10.14,30.58,57.78,7.13,74.17,blackgram,929.56
36.86,68.23,80.51,16.49,13.88,7.6,72.08,chickpea,1890.27
100.4,16.0,51.8,28.83,92.24,6.55,24.13,muskmelon,20111.3
18.79,64.08,17.65,26.24,73.0,7.36,53.57,lentil,1440.64
17.44,72.2,15.87,23.01,54.95,6.5,64.08,lentil,1938.07
123.39,40.7,49.77,24.14,63.08,7.13,87.84,cotton,3287.8
123.44,10.27,55.31,26.61,84.82,6.32,53.32,watermelon,28280.47
23.09,76.19,21.91,20.62,17.44,4.91,112.77,kidneybeans,2472.12
117.62,46.93,40.05,20.56,66.39,7.16,74.2,cotton,3557.6
143.89,45.72,45.88,29.2,71.39,6.65,77.88,cotton,2772.11
99.05,70.7,50.83,28.93,74.36,6.38,73.8,banana,50676.55
17.15,73.95,25.11,24.42,63.3,7.19,52.47,lentil,1376.04
19.65,62.07,25.29,26.82,43.32,5.75,130.74,pigeonpeas,2011.0
19.28,44.25,21.69,26.91,94.08,6.32,64.36,mungbean,1395.97
85.19,55.66,39.46,23.8,85.45,5.8,206.72,rice,5738.38
40.78,66.01,20.59,30.3,62.11,6.73,61.27,blackgram,1239.38
12.03,46.56,21.23,27.46,77.28,7.18,50.04,mungbean,1680.19
32.75,70.66,20.74,30.36,59.72,6.06,167.98,pigeonpeas,1934.08
22.54,24.86,31.13,30.8,51.07,5.56,88.22,mango,10463.49
28.55,143.83,190.1,23.66,83.2,5.59,92.92,grapes,20991.67
15.59,45.98,20.42,29.82,52.08,6.44,51.57,mothbeans,1329.3
21.01,19.1,26.75,26.99,96.67,6.2,184.22,coconut,6881.8
19.61,13.07,11.52,21.11,91.75,6.88,93.67,orange,14085.25
25.36,129.17,195.09,22.54,85.84,5.72,81.75,grapes,22520.42
87.26,82.12,51.93,26.69,83.57,6.03,94.55,banana,41006.84
17.08,21.43,40.53,19.31,92.11,6.56,56.57,pomegranate,11780.38
43.39,67.32,74.81,16.98,19.28,7.52,64.09,chickpea,1717.06
18.26,46.93,24.19,27.36,45.07,7.14,42.63,mothbeans,1286.09
108.44,10.61,39.33,22.95,85.85,6.54,47.77,watermelon,28669.16
49.58,61.83,54.83,33.65,95.32,6.61,122.06,papaya,35833.04
47.62,71.68,97.82,13.03,16.43,7.28,83.82,chickpea,1307.29
19.91,76.72,23.32,24.41,67.05,7.32,37.26,lentil,1505.44
20.54,41.64,14.23,29.94,86.99,7.02,52.25,mungbean,1417.07
20.99,53.45,31.83,25.12,83.87,5.99,50.93,mungbean,1409.17
18.64,117.79,205.76,24.0,83.51,5.97,48.09,grapes,22834.71
13.39,17.15,35.01,20.07,86.71,6.37,98.88,pomegranate,11098.67
16.65,67.35,21.46,20.24,57.15,6.71,48.07,lentil,1517.45
71.78,45.52,40.02,25.49,80.19,6.57,183.58,jute,3929.03
20.27,16.19,11.05,19.57,93.23,6.87,114.0,orange,14466.55
137.37,48.66,47.26,24.5,66.1,6.37,91.66,cotton,2696.75
45.92,48.26,54.99,30.0,92.32,6.8,148.53,papaya,32216.92
24.84,134.48,175.3,22.86,89.59,5.43,97.32,apple,14812.64
54.26,66.82,45.85,33.92,95.14,6.7,96.33,papaya,34837.83
20.99,103.06,187.53,23.02,88.92,6.12,56.5,grapes,22439.55
87.3,21.59,46.93,27.32,96.35,6.16,21.37,muskmelon,15219.7
22.01,11.86,8.39,24.73,91.39,7.36,107.01,orange,11185.23
104.82,10.33,42.66,25.92,79.5,6.78,43.29,watermelon,28200.85
98.0,13.98,47.05,25.47,86.23,6.16,47.14,watermelon,28649.93
23.24,14.15,32.55,25.27,95.31,5.74,199.39,coconut,6583.12
25.47,30.71,39.35,30.0,46.41,5.94,109.17,mango,10383.1
121.7,40.98,39.7,24.29,60.98,6.74,59.78,cotton,2927.93
124.23,44.39,47.51,26.15,60.61,6.1,77.64,cotton,2693.46
25.3,29.7,24.91,28.83,46.49,5.99,63.47,mango,10054.75
37.7,73.15,18.1,29.19,70.66,7.48,77.67,blackgram,1034.25
79.03,45.28,42.0,22.92,87.52,6.06,204.51,rice,5625.38
96.13,87.7,46.55,24.18,73.51,5.56,125.19,banana,35913.2
45.89,70.04,13.12,29.05,79.72,7.22,103.54,blackgram,1254.03
93.67,22.22,52.21,24.42,89.76,5.96,30.82,muskmelon,16023.62
25.09,52.77,26.09,32.4,51.22,6.83,46.84,mothbeans,1240.82
54.16,58.05,48.6,36.0,94.8,6.72,109.42,papaya,36684.16
70.92,45.12,43.78,24.0,77.11,6.05,222.54,rice,4556.46
90.52,51.12,54.82,20.38,47.85,6.56,83.15,wheat,5075.71
100.4,89.16,52.96,26.69,83.82,6.12,96.47,banana,43286.65
18.51,71.38,19.81,24.47,70.82,7.09,44.31,lentil,1933.58
23.24,20.19,23.77,28.59,91.92,6.27,162.26,coconut,5703.28
43.5,58.62,25.9,32.1,65.49,6.93,74.0,blackgram,1441.03
101.21,8.72,54.91,24.14,78.35,6.27,46.52,watermelon,32414.57
19.61,147.35,214.08,23.01,92.46,5.9,137.74,apple,16346.91
16.14,25.49,24.77,30.58,47.96,6.26,71.68,mango,10160.17
21.08,66.48,18.91,29.53,42.8,6.38,112.58,pigeonpeas,1992.32
84.69,33.55,36.67,23.47,78.59,6.14,185.1,jute,2821.51
38.21,67.3,87.4,12.27,21.95,7.52,66.83,chickpea,1661.12
36.41,61.58,89.78,11.68,21.46,7.92,68.47,chickpea,906.09
21.62,18.81,35.5,20.17,90.86,6.44,125.78,pomegranate,9055.86
27.37,129.92,173.1,23.9,74.31,6.66,54.51,grapes,20187.87
36.85,64.47,13.53,30.17,59.6,6.65,61.64,blackgram,1047.8
34.68,73.11,14.72,27.9,60.45,7.23,58.75,blackgram,875.28
86.89,50.15,42.96,19.95,80.64,6.67,179.2,jute,3013.39
19.49,65.01,15.17,19.86,23.09,6.33,74.76,kidneybeans,3038.5
17.8,15.97,8.46,23.09,94.04,7.71,132.51,orange,13282.39
21.26,15.95,9.69,24.38,90.04,7.18,94.62,orange,13160.38
23.56,139.34,204.9,23.73,92.27,6.1,126.28,apple,13985.15
17.73,46.07,16.82,28.42,54.8,6.53,63.71,mothbeans,1069.64
92.66,56.13,47.5,19.39,45.61,6.09,71.6,wheat,5277.79
97.6,11.54,49.03,25.07,82.63,6.45,63.41,watermelon,29573.61
79.98,76.79,45.16,28.23,76.63,6.27,132.97,banana,43110.26
82.45,45.47,37.64,23.46,74.76,5.3,178.45,rice,5684.26
28.38,50.46,18.85,25.73,80.89,7.09,50.38,mungbean,1294.26
78.13,45.8,47.23,23.39,87.16,5.26,208.01,rice,6378.02
100.42,60.03,58.31,23.63,55.12,6.8,86.68,wheat,3999.85
18.96,30.81,36.48,30.44,46.85,5.44,108.86,mango,9622.91
38.23,65.04,21.64,28.84,67.0,6.6,64.42,blackgram,1407.79
114.31,43.62,50.06,26.52,73.31,6.88,66.69,cotton,3276.32
19.75,16.78,25.53,25.37,93.3,5.83,158.92,coconut,8479.66
70.18,46.78,46.89,27.11,84.53,6.61,166.81,jute,3686.45
21.51,15.0,33.89,18.79,94.0,6.34,81.97,pomegranate,10150.49
91.41,78.24,57.49,26.46,70.65,5.98,103.43,banana,46590.41
26.87,141.41,208.62,23.01,85.57,6.09,71.01,grapes,19821.46
22.37,132.9,189.35,23.3,94.52,5.14,100.95,apple,18726.67
11.96,130.37,217.67,21.75,85.5,5.71,70.59,grapes,21608.48
16.93,68.98,22.73,23.66,47.96,5.85,143.45,pigeonpeas,2491.92
15.21,65.05,17.71,21.71,27.03,5.46,126.54,kidneybeans,1734.46
20.48,16.24,33.12,23.02,94.42,6.31,164.76,coconut,8406.3
15.52,14.5,24.72,26.43,94.05,5.92,162.9,coconut,5999.0
100.74,25.42,49.84,27.57,94.6,6.39,25.43,muskmelon,19523.93
37.07,69.12,87.15,11.85,21.48,7.4,79.38,chickpea,1983.29
18.92,15.46,30.21,28.39,96.27,5.95,177.41,coconut,7848.52
110.69,81.29,53.42,24.85,86.89,6.64,115.42,banana,33326.66
101.22,53.16,32.4,22.03,88.33,5.65,213.31,rice,5623.63
112.8,22.62,45.72,28.22,94.02,6.95,28.59,muskmelon,17172.3
21.58,24.99,29.24,26.69,51.12,5.8,97.67,mango,6454.37
94.86,22.12,43.66,26.66,90.32,6.5,23.64,muskmelon,13613.73
23.95,34.74,26.83,26.52,88.43,6.92,40.23,mungbean,1429.63
17.08,73.24,15.81,22.8,67.97,6.9,51.85,lentil,1653.73
24.17,12.58,8.69,19.55,87.93,7.48,120.86,orange,12329.76
90.82,48.87,43.2,18.88,55.44,7.44,98.15,wheat,4662.49
53.38,57.92,52.81,32.71,97.47,6.72,188.81,papaya,36237.41
113.49,97.95,51.08,23.86,78.46,6.12,106.5,banana,34398.38
103.02,16.46,44.23,26.24,94.29,7.09,31.91,muskmelon,14283.4
20.06,28.28,25.1,35.27,48.32,5.61,88.07,mango,9050.49
20.55,122.85,219.52,20.94,89.93,5.26,125.43,apple,11326.03
14.77,69.72,23.11,25.28,61.06,6.61,40.93,lentil,1667.99
8.91,74.85,14.57,22.51,24.84,5.43,82.34,kidneybeans,2364.23
15.04,56.72,22.16,24.35,61.91,6.41,52.3,lentil,1443.62
22.17,18.96,39.9,24.79,85.92,6.17,141.25,pomegranate,10742.1
18.06,20.68,36.64,21.67,85.3,6.62,146.06,pomegranate,9756.54
23.0,76.09,22.08,25.57,54.82,5.62,167.21,pigeonpeas,2500.69
25.47,44.17,18.68,28.73,75.29,5.98,52.46,mungbean,1554.44
23.03,46.83,15.53,29.6,43.63,6.99,40.01,mothbeans,1540.12
68.99,51.19,18.36,23.21,62.28,5.92,85.82,maize,6435.55
16.6,49.35,18.92,25.64,92.35,6.51,30.6,mungbean,1661.65
79.08,48.35,38.15,25.04,79.34,6.52,204.73,jute,3039.72
24.85,17.39,31.13,28.56,94.15,5.79,191.2,coconut,5923.49
95.78,90.36,50.6,25.5,85.77,6.06,105.06,banana,43741.3
24.58,14.55,10.47,20.22,86.15,6.78,99.2,orange,11783.57
23.81,129.29,211.86,23.88,93.09,6.3,96.31,apple,13460.47
18.65,20.64,24.64,24.98,94.51,5.43,197.24,coconut,7207.18
24.16,59.47,16.86,23.92,64.27,7.2,35.42,lentil,1496.38
16.36,25.55,31.21,32.73,55.41,5.45,78.11,mango,11657.34
13.28,19.22,42.9,16.88,92.4,6.76,100.76,pomegranate,12608.38
93.41,46.74,45.77,14.33,47.74,5.29,51.24,wheat,5281.69
42.38,59.9,53.34,30.1,91.39,6.91,83.32,papaya,38520.94
19.8,60.98,19.33,29.04,56.37,5.62,117.35,pigeonpeas,2291.83
100.75,82.18,53.82,26.22,70.59,6.15,82.38,banana,38835.7
112.89,87.25,47.6,30.26,70.76,5.84,80.83,banana,41621.29
96.27,15.96,46.7,29.2,89.42,6.32,14.56,muskmelon,16209.16
95.89,9.95,46.71,27.08,86.74,6.62,37.33,watermelon,32424.72
38.56,70.16,19.43,29.89,63.11,7.4,57.01,blackgram,1080.97
14.95,59.28,14.72,23.35,66.06,7.2,41.54,lentil,1268.7
17.15,16.09,47.71,18.16,90.34,6.47,123.54,pomegranate,10834.5
116.63,19.62,57.26,28.51,89.45,6.32,25.51,muskmelon,14914.8
21.5,120.64,190.09,24.44,92.19,5.24,78.06,apple,14271.29
19.03,15.06,9.29,23.44,91.05,7.42,93.63,orange,13423.37
39.79,78.8,20.46,29.24,61.85,7.49,56.3,blackgram,1233.75
20.96,16.58,28.03,24.97,94.77,5.6,175.21,coconut,7695.03
78.0,50.75,38.27,24.88,77.73,7.44,181.33,jute,3347.31
39.78,56.35,49.73,31.34,89.93,6.78,162.19,papaya,29944.9
45.52,66.08,19.68,30.97,70.42,6.9,90.8,blackgram,780.03
96.04,16.87,39.92,29.19,92.79,6.44,31.39,muskmelon,13667.4
96.67,9.27,46.82,25.27,83.38,6.65,33.78,watermelon,28694.86
16.95,48.94,16.06,28.41,88.41,6.99,36.74,mungbean,1927.3
17.9,40.47,14.98,25.64,89.98,6.49,50.24,mungbean,1281.5
24.3,68.4,25.7,19.23,18.7,6.13,102.73,kidneybeans,2685.68
74.4,41.37,17.93,22.52,60.18,5.52,91.88,maize,7152.98
72.22,42.45,48.76,24.87,88.36,6.36,166.13,rice,5036.37
20.3,18.86,28.87,24.05,93.0,6.07,156.09,coconut,8466.39
9.61,66.4,28.22,20.72,19.41,5.69,105.36,kidneybeans,2506.55
39.84,71.2,81.23,17.66,14.1,7.57,61.65,chickpea,1139.04
89.29,53.47,48.88,18.9,45.86,6.54,58.92,wheat,3416.25
16.8,18.47,39.99,18.87,86.22,6.2,92.54,pomegranate,12053.87
123.55,44.37,46.87,25.86,74.02,6.47,100.15,cotton,3235.7
20.89,142.21,199.46,21.43,93.58,5.98,80.8,apple,14943.86
19.47,18.39,12.41,21.78,96.6,7.46,126.94,orange,11954.75
60.4,53.12,49.25,31.92,94.81,6.03,113.14,papaya,33155.51
24.47,59.84,15.48,24.39,46.63,5.79,151.28,pigeonpeas,2021.21
73.96,48.43,39.22,25.34,83.27,6.17,187.64,rice,5468.62
20.51,24.74,34.21,29.92,49.51,5.19,62.73,mango,9952.99
36.75,66.37,30.01,29.38,66.8,7.16,52.99,blackgram,955.24
17.66,14.19,14.48,20.37,89.52,6.69,121.2,orange,12502.49
84.22,46.15,21.89,21.94,70.63,5.97,49.54,maize,8202.19
74.69,44.94,14.57,20.35,79.75,6.62,57.98,maize,5754.56
92.47,17.11,51.04,27.2,88.89,6.26,31.04,muskmelon,17992.34
26.76,133.21,200.0,22.89,83.35,6.33,58.45,grapes,17686.21
69.94,41.93,45.79,24.58,85.12,6.31,199.63,rice,4939.15
17.68,13.97,11.43,22.3,89.94,6.89,108.59,orange,10874.96
18.77,58.27,15.94,32.21,53.17,6.39,64.68,mothbeans,1217.78
118.19,46.36,47.79,21.15,69.05,6.33,96.44,cotton,2990.4
17.85,16.38,11.51,19.33,97.54,7.09,119.33,orange,12492.42
17.17,62.21,10.92,22.97,69.49,7.28,57.88,lentil,1283.67
103.47,17.54,47.17,29.53,91.87,6.1,15.34,muskmelon,15200.08
115.39,53.42,35.39,30.29,63.19,6.39,82.92,cotton,2393.18
16.73,44.65,15.11,31.6,87.76,6.42,60.06,mungbean,1422.29
80.65,52.57,46.7,22.22,53.08,6.03,91.29,wheat,4821.99
21.17,65.34,18.06,21.75,66.89,7.64,53.81,lentil,1366.86
19.69,69.22,18.53,22.71,21.4,5.77,127.92,kidneybeans,2366.83
102.2,6.52,48.0,25.84,80.88,6.68,47.31,watermelon,32838.98
17.15,41.61,15.52,25.33,59.68,7.26,54.2,mothbeans,1491.16
17.82,45.17,29.36,26.3,97.21,6.83,49.92,mungbean,1477.26
112.1,49.12,49.3,23.4,59.33,6.71,58.27,cotton,2210.04
52.37,55.98,50.82,33.82,90.24,6.34,190.52,papaya,33534.71
22.99,44.26,18.6,25.19,84.46,7.03,55.85,mungbean,1739.63
27.09,9.86,34.37,26.91,97.01,6.01,181.92,coconut,6890.86
30.03,124.77,244.54,26.93,78.02,6.01,80.3,grapes,20723.53
22.12,68.2,12.82,17.37,22.84,5.06,125.25,kidneybeans,2557.63
14.4,19.34,42.72,18.81,89.58,6.4,112.12,pomegranate,9928.35
112.85,16.58,50.11,23.91,88.05,6.68,26.89,muskmelon,20178.92
109.47,20.46,50.03,24.94,95.63,6.3,22.73,muskmelon,21552.22
42.7,66.37,14.15,30.4,57.22,7.01,46.66,blackgram,1192.94
22.5,18.74,8.66,19.17,93.74,6.53,113.04,orange,12188.44
19.17,39.64,30.18,28.94,50.54,7.2,41.27,mothbeans,1283.08
85.38,50.6,51.07,16.93,48.71,5.67,80.99,wheat,5503.29
17.76,64.54,10.16,20.21,28.13,5.78,104.55,kidneybeans,2565.75
77.84,44.43,53.92,27.1,80.25,6.67,198.78,jute,3726.45
27.73,129.6,217.03,20.52,96.61,5.59,90.17,apple,12579.92
18.58,69.39,21.6,23.72,63.11,7.85,55.07,lentil,1736.8
20.71,53.92,21.71,27.88,49.99,6.61,42.49,mothbeans,1200.06
80.94,41.67,41.39,23.54,77.22,6.82,146.54,jute,2989.97
74.84,48.48,37.69,22.13,80.45,6.11,185.64,rice,6798.99
44.83,71.52,29.26,29.16,59.51,6.89,89.53,blackgram,759.45
45.65,66.15,51.01,35.58,97.71,6.36,167.52,papaya,27694.21
77.81,36.35,39.29,22.31,83.3,6.23,200.32,jute,3227.27
22.62,52.12,19.18,30.4,85.04,6.72,46.34,mungbean,1597.1
15.77,70.77,19.83,16.81,23.26,5.53,122.62,kidneybeans,2564.23
17.04,26.93,18.09,28.8,46.86,6.06,78.72,mango,9689.88
23.37,157.4,204.52,22.78,77.84,5.85,101.66,grapes,19108.47
22.25,127.25,207.43,20.33,90.8,6.37,105.89,apple,13349.94
77.65,40.92,37.9,22.31,77.99,5.92,212.12,rice,7115.27
44.79,68.26,82.29,21.22,18.67,7.77,68.54,chickpea,2126.35
51.64,48.02,21.64,23.85,59.93,6.04,66.49,maize,6721.92
64.87,45.62,46.32,27.01,81.16,7.03,148.51,jute,3315.41
18.31,16.65,35.14,20.92,91.71,6.4,63.05,pomegranate,13208.43
102.01,80.45,40.11,27.05,80.36,6.19,90.83,banana,40138.69
110.9,12.09,45.31,28.2,77.72,6.31,54.79,watermelon,24220.45
20.84,121.03,213.06,23.49,89.97,6.01,121.5,apple,11971.18
122.87,49.36,43.95,28.45,64.57,6.48,66.24,cotton,2262.73
97.89,49.65,42.36,23.67,57.59,6.5,80.5,cotton,2131.62
102.82,13.16,51.19,29.33,80.51,6.49,46.27,watermelon,23551.77
25.92,48.63,17.62,25.39,48.53,6.31,51.12,mothbeans,1024.36
23.32,15.08,29.08,25.77,96.4,6.15,173.71,coconut,6201.33
97.64,16.53,37.25,28.77,93.63,6.98,21.06,muskmelon,14219.93
87.16,43.51,40.98,25.24,76.96,6.72,200.07,jute,3731.2
15.51,59.46,29.34,25.68,60.91,6.68,52.29,mothbeans,1101.24
35.8,74.86,20.71,28.65,68.31,7.27,77.63,blackgram,953.28
114.4,10.7,46.69,26.6,87.83,6.51,52.66,watermelon,25942.51
93.16,54.3,45.08,19.5,51.41,6.38,99.11,wheat,5296.5
42.33,68.4,18.56,30.37,60.04,7.03,70.26,blackgram,928.14
52.51,61.68,50.28,32.85,95.13,6.74,169.98,papaya,38780.46
82.98,51.33,22.11,23.68,61.91,5.72,63.0,maize,7657.38
45.19,60.4,51.68,16.65,19.66,7.86,66.05,chickpea,1455.52
88.28,46.77,46.91,23.67,84.37,7.55,183.9,jute,3966.56
19.44,14.98,40.84,16.68,91.45,6.7,121.95,pomegranate,10620.2
5.43,70.62,13.9,23.97,33.84,6.04,151.57,pigeonpeas,1733.54
17.79,136.69,194.26,24.87,81.79,6.02,55.33,grapes,24353.07
16.41,17.42,45.25,19.78,92.39,6.5,103.46,pomegranate,11920.01
17.57,53.82,25.34,25.43,79.56,7.47,66.51,mungbean,1351.8
90.04,43.72,38.74,25.04,70.8,6.62,112.86,jute,3159.27
26.45,66.01,14.49,20.7,22.26,5.81,108.83,kidneybeans,2768.28
120.31,46.55,33.34,24.25,70.81,7.68,61.94,cotton,2935.14
16.03,42.4,16.23,28.06,76.37,6.71,65.94,mungbean,1393.6
22.53,30.34,35.52,30.75,53.21,5.59,76.54,mango,9626.09
21.4,25.34,27.02,33.87,51.42,5.53,89.98,mango,12002.52
20.57,17.51,10.77,21.78,92.15,6.58,98.33,orange,13362.01
98.93,81.39,56.57,25.61,89.32,5.8,106.78,banana,41338.1
17.59,67.59,21.22,29.9,50.63,5.74,145.04,pigeonpeas,2382.41
80.58,42.29,41.79,24.12,87.42,6.53,158.67,rice,5061.25
35.24,64.62,72.27,20.49,20.7,7.64,90.75,chickpea,1392.76
26.49,30.79,29.71,30.05,46.68,5.63,86.32,mango,10486.79
28.37,141.7,187.85,21.5,80.58,6.47,78.68,grapes,23148.27
12.55,131.87,195.68,21.5,93.59,6.06,133.81,apple,13724.77
28.29,14.56,26.54,26.81,96.82,5.91,184.71,coconut,6111.8
41.59,66.34,79.07,16.41,13.46,7.6,99.32,chickpea,1728.01
19.02,69.51,20.88,16.31,19.33,5.68,115.73,kidneybeans,1785.92
27.12,67.54,15.56,22.0,21.14,5.93,99.16,kidneybeans,2521.02
71.46,45.02,26.87,17.73,80.69,6.53,89.46,maize,6472.62
18.24,48.82,26.18,22.92,60.99,6.78,41.53,lentil,1522.45
25.38,26.99,34.3,33.91,47.06,5.64,138.42,mango,10999.12
44.65,54.77,50.75,33.37,93.91,6.78,115.99,papaya,42175.5
16.5,16.98,45.11,22.47,94.13,6.2,100.14,pomegranate,12592.96
17.5,67.94,15.11,21.01,68.63,7.11,61.84,lentil,1359.72
70.02,52.92,38.93,22.9,85.37,5.44,211.47,rice,5901.9
13.21,22.47,50.27,24.09,88.99,6.15,85.69,pomegranate,7871.96
24.01,17.71,38.51,19.62,89.8,6.08,105.48,pomegranate,13139.58
19.57,16.04,34.91,19.37,88.63,6.39,150.31,pomegranate,12761.15
20.26,18.47,30.65,27.87,97.48,6.0,205.78,coconut,7876.58
25.9,137.67,219.54,22.67,74.84,5.98,63.79,grapes,18811.56
18.0,48.7,20.37,29.94,57.84,6.95,47.38,mothbeans,1474.17
94.96,86.21,51.22,24.61,78.04,5.89,69.48,banana,38324.64
20.0,60.27,18.18,24.59,67.67,7.35,42.09,lentil,1934.54
90.78,9.95,51.75,20.06,90.27,6.35,36.68,watermelon,30367.91
21.58,130.8,191.9,20.13,90.12,5.69,104.25,apple,13753.42
95.4,46.97,57.13,22.03,47.56,7.58,65.91,wheat,5234.42
20.75,16.91,38.92,20.73,87.67,6.37,101.59,pomegranate,14149.91
116.91,47.99,40.96,26.82,70.82,6.57,79.58,cotton,3267.51
72.8,51.11,40.3,24.67,83.78,6.54,167.83,jute,3987.86
20.36,48.51,18.51,29.27,83.06,6.12,47.51,mungbean,964.6
28.92,68.07,18.88,26.14,62.68,5.48,140.42,pigeonpeas,2122.47
83.95,10.34,51.9,28.07,91.55,6.76,28.37,watermelon,29728.12
24.1,54.96,20.56,30.64,78.21,6.57,46.11,mungbean,1371.37
17.28,24.91,29.63,31.69,42.82,5.87,78.99,mango,10101.28
16.55,31.4,35.46,32.04,47.76,5.44,83.18,mango,11474.72
19.54,22.07,31.58,25.11,92.66,6.28,154.25,coconut,8079.61
19.61,25.45,27.6,31.06,50.56,5.56,89.54,mango,12114.81
20.99,64.96,17.98,18.63,17.7,5.74,116.71,kidneybeans,2817.76
19.13,149.36,219.48,23.23,97.49,6.47,110.5,apple,12035.28
26.27,71.66,22.69,29.43,59.97,6.46,135.27,pigeonpeas,2506.03
105.05,79.06,48.05,30.94,84.7,5.77,116.42,banana,43008.88
125.54,47.54,39.48,27.66,57.35,5.98,60.86,cotton,2819.55
88.84,89.9,52.3,28.84,78.45,5.8,83.43,banana,43383.4
45.77,79.84,18.11,27.42,62.97,7.0,76.46,blackgram,983.31
23.43,63.81,20.34,23.96,55.21,5.65,150.12,pigeonpeas,2015.93
17.27,47.48,23.06,27.95,51.91,6.82,44.96,mothbeans,1214.96
19.74,15.39,7.48,21.56,89.59,7.18,136.13,orange,11325.27
18.12,137.65,183.43,23.07,88.42,5.7,85.37,apple,18505.68
22.6,19.26,49.24,22.08,93.19,6.4,107.29,pomegranate,12137.7
54.66,61.47,54.78,31.38,89.58,6.71,111.36,papaya,33984.82
101.41,69.8,49.33,25.28,83.47,6.77,115.0,banana,34160.71
16.1,48.82,26.57,26.1,90.31,6.57,66.53,mungbean,1283.55
83.27,54.42,51.26,15.27,57.38,7.19,65.62,wheat,5146.65
110.05,6.99,52.01,24.3,80.02,6.6,52.01,watermelon,35294.69
25.17,44.85,24.32,22.58,81.4,6.42,36.46,mungbean,1300.25
105.68,47.9,47.64,23.69,68.6,5.81,60.19,cotton,3333.04
19.16,14.17,45.78,23.54,86.26,6.91,104.13,pomegranate,11588.08
19.44,134.97,227.68,24.06,89.23,6.53,113.38,apple,15879.84
44.74,66.47,13.82,32.55,64.52,7.52,34.32,blackgram,1144.46
89.77,50.38,41.59,22.99,47.53,5.72,68.58,wheat,5909.25
16.53,46.06,19.12,22.2,61.36,6.53,56.06,mothbeans,1208.83
25.12,14.98,31.4,29.84,95.44,5.87,178.88,coconut,7256.6
23.98,15.31,31.27,30.35,97.01,6.6,161.86,coconut,8477.35
95.46,39.26,40.65,25.36,83.1,6.46,217.11,jute,3329.51
18.87,50.25,18.69,29.11,43.48,6.67,68.22,mothbeans,1101.28
35.48,60.26,82.58,21.31,19.43,7.5,64.16,chickpea,1385.02
66.77,43.41,25.09,22.54,67.76,6.17,92.81,maize,6000.35
26.03,40.14,25.41,28.08,58.46,6.78,25.78,mothbeans,1174.89
18.89,67.68,20.46,22.9,62.45,6.99,55.44,lentil,1450.67
41.91,74.83,16.85,31.15,64.45,6.94,56.42,blackgram,1426.15
40.37,73.97,13.3,29.36,65.72,6.45,55.5,blackgram,1008.07
83.32,44.26,47.76,23.23,87.9,6.03,261.82,rice,6688.01
23.23,127.44,202.23,27.08,86.84,6.16,61.61,grapes,23410.1
107.09,41.24,47.48,27.51,68.62,6.35,93.66,cotton,2351.2
20.48,76.42,21.96,21.82,64.38,6.56,52.43,lentil,1185.72
40.71,70.38,25.85,26.69,67.92,6.92,70.5,blackgram,1296.99
30.03,61.33,20.49,30.23,86.16,6.85,45.58,mungbean,1319.84
19.09,32.49,32.47,29.06,51.24,5.93,83.24,mango,11073.65
89.48,78.2,44.03,23.33,85.09,5.61,101.43,banana,43864.63
82.09,38.2,33.36,23.39,85.69,6.09,196.53,rice,5220.35
129.09,39.3,41.46,28.73,66.64,6.6,62.29,cotton,2370.07
21.22,18.89,36.6,20.98,89.28,6.65,83.4,pomegranate,11489.36
23.11,16.19,26.0,27.8,98.71,5.91,143.12,coconut,6906.07
120.87,51.63,43.29,24.26,67.9,6.24,82.09,cotton,2384.73
60.93,42.42,26.18,21.69,62.26,6.08,95.04,maize,7757.87
48.16,64.61,53.28,33.0,90.75,6.58,144.18,papaya,31582.6
19.86,47.29,20.68,29.46,56.19,6.88,62.96,mothbeans,993.28
17.26,77.62,16.13,16.62,20.59,5.11,120.02,kidneybeans,1730.83
17.42,20.0,40.94,24.22,86.89,6.76,107.95,pomegranate,12417.08
17.32,17.31,36.02,21.25,91.84,6.86,77.21,pomegranate,11308.69
37.8,65.36,14.62,29.14,54.4,6.78,63.34,blackgram,1232.96
13.72,49.51,17.26,31.74,53.17,6.56,39.53,mothbeans,1442.04
18.01,15.75,13.63,22.2,96.96,7.07,102.26,orange,14672.03
38.32,69.71,95.54,20.56,19.24,7.64,73.65,chickpea,1820.14
26.03,135.46,178.74,23.34,78.94,5.86,49.44,grapes,24768.31
53.74,52.86,49.51,31.63,93.42,6.63,131.3,papaya,35534.02
41.84,69.97,60.72,17.16,20.54,7.49,51.92,chickpea,1682.49
85.03,52.18,53.95,22.85,42.58,5.22,89.01,wheat,4162.15
118.96,80.8,51.0,26.87,75.89,6.49,94.45,banana,37034.01
17.36,23.93,28.57,34.25,43.19,6.21,89.81,mango,9760.92
17.48,67.25,16.17,25.74,49.55,5.42,140.71,pigeonpeas,1900.13
20.34,12.71,10.52,21.67,86.33,6.68,125.9,orange,15641.5
21.34,141.95,198.37,20.93,93.39,5.78,147.71,apple,16717.61
79.37,52.78,35.07,24.01,79.35,5.6,196.79,rice,5011.89
51.13,52.24,44.01,36.35,90.14,6.42,171.55,papaya,38280.72
17.57,52.1,15.25,29.39,82.42,6.39,51.8,mungbean,833.13
50.62,54.13,19.1,33.45,65.61,7.23,69.5,blackgram,852.05
19.12,126.04,197.61,27.57,81.17,5.6,61.48,grapes,23535.69
95.05,79.57,48.44,28.24,89.93,6.04,100.67,banana,42152.95
92.94,79.92,42.56,27.17,86.24,6.04,135.83,banana,47543.42
12.15,74.78,16.95,21.01,17.31,5.35,133.7,kidneybeans,2314.47
13.55,64.24,27.6,24.26,69.42,7.52,39.06,lentil,1467.51
22.9,43.91,21.61,23.19,59.96,7.0,36.0,mothbeans,943.15
43.02,79.52,65.21,21.78,21.44,7.21,88.11,chickpea,1630.15
26.55,66.92,24.69,31.27,54.56,5.47,143.93,pigeonpeas,1965.9
47.43,65.71,46.73,34.26,91.82,6.15,164.57,papaya,23141.3
28.81,57.4,73.93,19.37,9.76,7.35,65.11,chickpea,1795.49
71.84,47.61,41.71,23.55,86.14,6.01,243.61,rice,5721.58
20.21,43.41,20.46,24.87,53.72,7.06,38.49,mothbeans,976.23
80.21,51.41,38.45,23.65,81.35,6.05,217.85,rice,5418.41
17.3,68.05,25.7,21.64,67.09,6.9,42.67,lentil,1830.29
125.77,42.13,52.94,25.35,58.92,6.42,61.95,cotton,3354.51
43.94,59.1,27.51,31.55,62.58,7.37,64.18,blackgram,1013.08
31.94,73.92,23.61,28.22,53.04,5.96,149.52,pigeonpeas,1891.88
21.56,73.96,13.71,21.46,23.77,5.66,111.77,kidneybeans,2929.08
17.05,74.87,24.03,18.11,59.98,7.18,47.52,lentil,1204.55
23.1,58.44,20.46,27.06,44.21,6.21,135.93,pigeonpeas,1873.78
16.66,50.79,23.75,26.81,77.52,6.7,47.27,mungbean,1338.55
22.21,15.27,11.85,18.86,87.06,6.88,92.22,orange,11718.28
78.07,50.27,38.84,26.6,74.97,6.65,173.25,jute,4277.2
16.28,16.99,38.41,19.39,91.71,6.92,116.4,pomegranate,11782.92
95.03,82.44,52.21,28.71,78.61,5.43,95.34,banana,44678.72
82.72,55.42,21.78,21.37,65.0,5.37,97.09,maize,7910.66
103.07,9.97,59.86,23.41,85.73,6.37,35.67,watermelon,35011.12
91.75,83.81,55.59,24.66,79.25,5.48,97.14,banana,42598.88
19.65,47.86,29.77,29.37,92.68,6.88,41.89,mungbean,1409.41
101.56,11.38,42.11,23.21,92.93,5.76,48.6,watermelon,31914.87
25.36,63.6,21.74,19.75,24.54,5.67,97.3,kidneybeans,2797.81
98.02,57.81,48.16,17.74,52.3,6.16,105.2,wheat,4773.71
19.09,136.82,209.43,21.75,92.86,5.79,115.97,apple,14392.63
14.62,62.56,22.81,25.13,64.31,7.13,34.26,lentil,1486.44
27.61,140.32,201.89,23.01,90.8,6.19,106.01,apple,10412.5
21.99,64.49,15.62,31.07,60.97,6.94,91.13,blackgram,1142.03
15.54,133.0,200.51,22.97,79.78,6.02,60.57,grapes,17403.49
20.51,49.64,24.76,26.38,54.83,6.58,59.65,mothbeans,1345.33
36.23,60.26,47.92,32.56,89.28,6.66,169.84,papaya,31256.03
17.94,53.68,19.23,27.68,55.19,6.53,52.32,mothbeans,1206.52
55.64,64.8,50.97,29.96,97.34,6.87,129.83,papaya,35115.72
17.82,66.71,19.65,29.38,44.58,5.72,148.71,pigeonpeas,2263.22
31.62,67.91,22.53,28.17,44.43,5.25,134.88,pigeonpeas,1693.76
22.8,11.85,13.5,18.88,88.59,6.92,148.5,orange,11094.81
45.97,62.79,50.01,33.7,92.02,6.89,90.65,papaya,29331.04
82.32,49.47,36.43,26.73,84.37,5.4,219.7,rice,5037.48
86.26,49.13,48.08,16.71,42.8,7.3,62.3,wheat,4402.75
21.36,140.19,202.55,24.96,78.2,5.75,83.18,grapes,21748.63
20.47,24.99,23.03,30.92,57.67,5.61,110.7,mango,10820.79
78.42,43.98,40.18,21.08,72.26,6.8,214.2,jute,3609.33
14.01,58.05,21.66,23.25,66.58,7.08,58.84,lentil,1106.29
19.14,74.71,21.33,22.7,69.42,6.49,35.19,lentil,1660.4
72.96,47.59,21.74,21.03,61.62,6.02,63.26,maize,6412.83
96.07,49.4,37.14,22.54,47.32,6.45,79.98,wheat,4882.07
109.94,86.22,46.16,27.1,73.24,6.21,99.76,banana,40978.84
14.99,68.63,18.17,24.35,65.11,6.6,52.27,lentil,1576.78
28.33,50.53,22.18,25.62,56.39,6.52,39.66,mothbeans,1165.88
22.93,14.37,33.14,29.46,92.32,6.36,182.29,coconut,7383.66
25.88,55.0,16.86,27.44,47.82,6.74,50.63,mothbeans,1419.72
86.13,42.81,52.6,18.0,59.37,7.04,68.29,wheat,5571.38
47.82,63.91,95.32,19.5,13.8,7.61,41.5,chickpea,1738.41
17.1,62.22,24.25,20.84,22.32,5.82,111.46,kidneybeans,3080.11
121.73,40.47,39.37,29.03,61.93,6.79,98.83,cotton,2484.14
72.61,53.58,39.37,29.14,71.3,6.54,136.32,jute,2714.68
24.12,13.85,27.1,26.79,93.67,5.44,171.35,coconut,7390.24
119.61,44.91,57.69,23.0,61.62,6.71,71.07,cotton,2547.82
21.67,10.15,31.85,29.44,94.23,5.86,171.73,coconut,7082.94
23.12,71.52,30.77,27.37,43.29,5.87,132.95,pigeonpeas,2451.83
17.49,128.65,208.0,23.3,73.64,5.86,52.95,grapes,21935.68
16.47,18.55,44.46,18.55,87.96,6.56,155.03,pomegranate,10120.83
16.1,69.02,17.71,20.37,26.53,5.88,115.17,kidneybeans,2411.72
106.65,46.78,52.64,20.17,51.34,7.26,82.62,wheat,5075.39
22.74,29.48,21.37,30.68,48.6,5.62,82.68,mango,9521.76
99.97,80.84,49.39,27.82,75.48,6.28,113.67,banana,43576.28
82.6,51.91,33.82,20.36,84.61,6.15,207.51,rice,5870.55
89.58,18.25,46.05,28.88,92.51,6.59,33.38,muskmelon,17067.88
18.94,18.64,45.62,22.35,90.58,6.96,115.41,pomegranate,13604.79
71.65,41.18,28.07,24.64,87.6,6.92,180.69,jute,3035.47
13.64,69.06,25.31,27.25,54.76,6.19,182.27,pigeonpeas,2157.43
97.95,22.45,46.62,27.7,92.77,6.2,22.93,muskmelon,17482.25
24.22,48.41,11.24,26.28,56.36,6.85,62.81,mothbeans,1319.32
22.74,17.68,31.77,24.18,96.65,5.99,162.29,coconut,6513.66
50.43,58.05,41.57,31.46,92.73,6.63,138.88,papaya,34039.25
18.13,19.89,34.24,23.21,88.87,6.88,96.33,pomegranate,9948.38
24.81,19.66,32.16,27.67,92.54,5.94,186.94,coconut,8288.31
91.14,20.33,44.97,27.27,82.75,6.62,21.78,muskmelon,18663.22
17.13,75.58,25.73,21.78,59.16,7.28,34.64,lentil,1615.72
97.74,45.18,43.72,26.71,77.69,6.9,159.9,jute,2989.45
72.35,53.11,30.44,18.83,55.6,6.94,92.79,maize,5871.22
24.61,128.5,204.17,22.31,88.79,6.09,125.21,apple,10937.22
24.02,54.87,21.8,30.37,80.18,6.58,41.76,mungbean,1462.77
18.1,21.17,34.46,27.9,94.55,5.84,190.16,coconut,8024.18
79.84,57.0,26.19,22.42,62.54,6.4,65.53,maize,7337.56
101.44,51.17,29.87,23.37,78.69,6.43,176.22,rice,5100.17
114.92,48.47,49.41,23.36,68.67,6.69,98.28,cotton,2635.48
15.48,11.93,9.26,25.66,89.45,6.94,99.27,orange,11252.08
23.8,68.3,21.94,22.5,18.0,5.6,89.55,kidneybeans,2730.88
61.35,47.48,43.92,24.42,80.63,6.52,140.56,jute,2661.0
17.55,118.65,201.6,22.91,86.6,6.22,66.23,grapes,17911.36
76.63,49.95,19.48,22.53,62.09,4.78,82.31,maize,8775.6
73.23,52.88,39.26,21.35,80.39,6.21,183.09,rice,5200.62
21.48,128.49,240.06,22.83,94.97,5.98,126.46,apple,14281.38
19.03,40.16,12.54,26.0,80.39,6.41,54.18,mungbean,1256.48
23.42,14.41,37.87,20.22,94.07,6.49,88.85,pomegranate,11478.45
22.52,149.13,189.51,24.12,89.1,6.08,44.9,grapes,21900.98
24.22,67.97,25.89,17.25,23.56,6.26,113.39,kidneybeans,2635.3
25.0,15.73,28.79,25.99,94.73,5.89,200.1,coconut,8934.43
126.47,49.92,46.92,27.38,67.85,6.54,77.37,cotton,3356.84
80.81,45.7,49.73,26.83,81.42,6.62,216.9,jute,3438.2
30.76,47.69,16.26,28.83,58.84,6.79,63.79,mothbeans,1422.64
23.54,20.97,39.39,22.45,88.79,6.75,59.18,pomegranate,9360.64
14.83,54.95,13.22,27.61,47.79,6.97,47.69,mothbeans,1129.28
115.95,56.2,33.84,22.3,64.32,6.44,71.76,cotton,2567.36
16.26,27.87,31.45,30.66,53.18,5.39,107.2,mango,10870.4
100.13,81.89,45.23,28.01,79.8,5.85,127.13,banana,38184.53
98.15,8.46,46.85,29.55,89.7,6.04,65.04,watermelon,31381.27
87.58,16.57,47.02,23.24,94.1,7.17,28.03,muskmelon,15843.71
22.75,14.71,27.91,27.57,97.28,6.04,168.61,coconut,7750.05
26.02,139.28,175.08,27.1,84.57,6.22,57.62,grapes,22509.9
77.03,43.86,41.31,24.17,85.63,6.41,170.33,jute,2950.51
40.7,68.33,24.07,28.31,56.28,7.05,72.22,blackgram,1392.24
18.58,126.37,215.66,18.7,89.71,6.23,118.88,apple,14473.9
91.63,55.87,48.91,16.11,52.0,6.17,67.07,wheat,5353.88
15.38,17.16,9.28,21.56,95.46,6.79,125.5,orange,14727.74
19.84,73.69,12.89,27.5,52.46,6.67,41.41,lentil,1581.05
20.88,16.98,8.97,23.57,87.81,6.93,121.12,orange,12626.59
85.23,77.92,55.51,27.36,77.35,6.24,88.35,banana,42146.0
44.17,74.41,20.39,27.38,63.27,7.01,40.46,blackgram,1332.92
19.65,15.98,5.03,25.85,92.86,6.75,139.31,orange,9329.01
24.55,10.4,30.09,28.96,93.71,5.53,171.28,coconut,6822.24
34.94,58.32,17.25,32.66,64.4,6.6,60.71,blackgram,828.5
22.91,16.77,31.75,26.74,93.48,6.1,148.73,coconut,8566.89
11.86,66.9,13.34,20.7,69.83,7.06,50.49,lentil,1637.03
59.79,61.45,40.07,34.67,87.22,6.84,107.73,papaya,29406.4
80.57,45.58,47.14,25.14,43.14,5.69,97.07,wheat,4700.93
75.11,53.22,43.41,26.69,84.92,5.82,217.72,rice,6395.94
107.17,43.4,48.08,23.94,69.14,6.32,64.23,cotton,2193.51
15.08,67.97,23.92,27.62,53.97,6.11,167.38,pigeonpeas,1991.52
90.35,89.17,36.3,29.37,82.61,6.39,101.03,banana,31174.53
26.42,26.69,25.7,32.36,48.48,5.89,40.41,mango,9526.86
21.66,11.49,29.4,24.5,95.41,5.7,180.81,coconut,8123.98
48.68,53.11,45.58,35.75,92.6,6.41,130.21,papaya,32020.77
88.77,57.83,47.67,18.33,59.41,5.78,42.02,wheat,4964.35
91.13,8.37,48.25,26.3,83.29,6.82,40.02,watermelon,24719.7
85.4,9.07,52.28,24.52,82.05,6.89,26.95,watermelon,31668.12
22.51,138.77,179.25,21.76,92.8,5.67,120.29,apple,15806.94
17.95,71.92,12.65,25.47,44.12,5.82,136.18,pigeonpeas,2294.15
27.8,51.8,11.29,26.78,60.84,7.23,60.39,mothbeans,1161.06
24.84,12.92,30.21,23.35,92.82,6.01,155.19,coconut,6443.26
21.92,152.34,206.23,24.84,95.0,5.53,110.2,apple,13854.7
100.09,77.31,46.24,25.0,73.04,5.74,101.51,banana,43518.22
83.11,63.39,45.6,22.74,77.22,5.2,206.1,rice,4700.75
86.83,49.92,50.9,20.36,45.13,7.1,72.62,wheat,5122.97
23.82,60.29,16.84,21.19,20.1,5.63,119.88,kidneybeans,2680.04
87.71,78.7,59.06,28.16,67.54,6.37,126.79,banana,38147.9
60.51,54.52,11.69,24.07,70.63,5.45,76.78,maize,5574.26
82.63,44.22,42.87,23.66,87.08,7.0,182.42,jute,3548.24
21.92,146.96,208.64,19.98,86.83,5.89,103.43,apple,12189.89
96.0,77.33,57.03,27.4,69.49,5.8,87.84,banana,39617.87
15.04,25.35,28.76,28.74,47.55,5.36,92.48,mango,8756.32
79.64,55.82,26.9,24.64,82.44,5.85,202.75,rice,3956.32
19.71,15.56,42.85,22.99,93.66,7.1,111.88,pomegranate,11687.31
122.4,45.97,39.04,23.76,74.8,7.3,103.44,cotton,3012.99
18.99,16.28,43.92,19.86,94.23,6.46,120.43,pomegranate,12535.31
14.05,73.27,22.86,18.59,17.39,5.66,96.08,kidneybeans,2529.45
18.7,117.03,215.63,18.41,90.98,5.73,112.61,apple,13526.15
66.51,51.33,22.31,18.55,61.61,6.6,65.38,maize,6554.35
25.3,153.18,200.66,25.15,74.75,5.75,50.99,grapes,23493.85
35.59,68.45,25.82,31.85,65.17,6.89,82.21,blackgram,1243.21
125.06,45.78,37.98,22.09,55.01,6.25,91.91,cotton,3369.77
46.55,73.86,13.72,32.58,63.41,7.18,54.41,blackgram,1102.85
118.58,18.13,51.51,26.7,89.21,6.64,26.09,muskmelon,14834.9
78.54,39.32,48.13,26.74,87.15,6.82,122.66,jute,3995.5
19.11,52.49,20.19,29.32,61.83,7.11,51.93,mothbeans,1144.01
41.81,61.53,85.72,19.35,12.39,7.15,68.75,chickpea,1583.01
98.82,34.09,37.09,27.45,61.83,6.64,104.69,cotton,2085.95
23.23,13.55,12.56,22.23,92.72,6.49,73.85,orange,12686.71
60.24,50.04,14.85,19.29,57.39,6.56,72.41,maize,7835.47
22.58,147.6,213.11,21.98,88.15,5.63,145.79,apple,16093.68
19.43,129.4,230.47,22.17,80.61,5.88,65.29,grapes,19901.6
91.35,12.55,44.07,26.66,89.1,6.21,69.83,watermelon,27930.51
73.3,40.99,50.71,22.28,47.12,5.2,66.81,wheat,4945.43
26.82,13.36,24.24,27.02,98.4,6.08,190.02,coconut,6531.87
22.46,67.71,25.38,20.42,22.63,5.37,109.68,kidneybeans,2992.16
20.84,16.5,30.86,27.64,92.65,5.4,163.23,coconut,7658.94
45.98,61.52,50.17,32.67,92.44,6.88,155.36,papaya,42068.5
21.15,50.58,15.09,25.19,53.54,6.7,57.26,mothbeans,1275.6
38.19,67.69,17.76,31.32,63.02,7.48,89.98,blackgram,1010.92
66.61,45.02,38.5,23.82,77.31,7.06,167.01,jute,3029.31
21.2,74.27,23.95,29.94,49.63,5.38,145.09,pigeonpeas,2445.64
122.92,42.65,39.92,19.27,67.99,6.89,66.26,cotton,2188.25
28.66,18.19,27.46,26.59,95.62,6.06,157.01,coconut,6123.14
19.29,71.85,30.97,25.91,64.72,6.63,40.36,lentil,1372.14
21.62,65.34,24.2,17.28,19.3,5.41,126.6,kidneybeans,2900.47
42.72,66.39,59.08,30.19,95.88,6.99,110.6,papaya,29575.67
20.73,18.59,10.06,19.95,89.85,7.0,134.69,orange,13482.59
121.43,40.27,53.82,23.38,63.86,6.9,77.27,cotton,2771.68
118.69,70.85,50.92,27.14,65.95,5.92,113.97,banana,40724.31
85.1,43.44,42.67,19.08,46.95,6.41,75.85,wheat,5299.71
111.5,51.25,40.49,23.37,63.64,6.31,92.33,cotton,2961.9
14.42,13.5,29.09,27.92,91.7,5.61,177.61,coconut,6642.04
27.12,113.2,193.8,25.9,83.37,5.64,32.55,grapes,18946.61
25.97,72.47,13.14,20.7,16.07,5.71,142.96,kidneybeans,2043.73
59.42,49.28,38.76,22.25,79.61,6.92,171.28,jute,3036.54
23.59,57.29,16.5,23.58,72.27,6.41,65.36,lentil,1405.33
70.74,47.5,39.08,22.81,83.59,6.53,137.55,jute,3276.02
17.02,48.51,8.43,31.35,55.21,7.17,35.19,mothbeans,1456.56
25.31,20.29,8.84,19.78,91.84,7.35,100.2,orange,13408.16
19.72,119.44,190.29,23.34,70.15,5.94,82.87,grapes,22054.06
18.77,72.93,16.44,16.91,21.52,5.55,85.68,kidneybeans,2493.71
17.46,136.67,224.04,23.29,85.5,6.32,81.22,grapes,19764.85
101.15,48.39,54.09,24.56,54.99,6.28,81.06,wheat,4650.02
97.25,83.46,43.43,27.28,82.49,6.15,126.31,banana,39729.97
19.13,24.76,23.34,33.62,52.77,5.21,110.26,mango,10890.42
19.13,45.5,19.15,31.27,52.08,6.79,46.18,mothbeans,1565.8
90.08,44.48,37.24,21.17,62.46,6.5,87.58,wheat,4626.21
21.79,52.1,19.02,28.59,93.34,6.06,53.14,mungbean,1917.45
91.97,15.23,57.93,29.91,97.83,6.52,26.44,muskmelon,15635.29
20.7,18.79,30.77,28.71,90.97,5.99,188.08,coconut,5975.01
14.26,66.09,16.97,23.03,69.72,7.11,45.81,lentil,1406.62
86.95,46.29,41.4,18.16,49.81,6.29,64.61,wheat,4208.04
18.68,144.97,178.32,21.29,93.09,5.82,129.26,apple,11623.57
44.03,72.88,20.04,27.17,69.89,6.92,47.15,blackgram,1364.76
51.26,56.56,50.18,33.92,87.89,6.7,165.81,papaya,43906.79
83.47,50.74,18.73,21.75,66.64,6.04,40.61,maize,6922.18
87.41,42.84,21.99,25.62,63.91,5.58,71.96,maize,5988.83
17.46,45.31,16.4,25.75,84.79,6.26,58.47,mungbean,1450.71
15.88,64.4,30.25,20.0,24.35,5.46,89.4,kidneybeans,2804.38
94.16,51.73,52.99,11.31,60.44,6.43,91.62,wheat,4018.37
18.36,26.85,37.36,31.36,46.03,5.49,106.9,mango,11571.66
75.89,43.06,19.34,22.15,63.88,5.67,88.37,maize,7696.2
84.55,12.3,49.59,24.27,85.93,6.69,40.96,watermelon,25165.92
42.34,76.91,18.76,25.24,68.35,7.3,44.21,blackgram,1087.43
73.3,49.33,17.82,21.87,75.5,5.88,77.83,maize,6697.52
84.73,14.24,43.88,27.05,80.03,6.31,57.89,watermelon,28552.25
12.76,19.17,6.98,22.46,89.68,7.64,138.79,orange,10426.7
20.22,143.2,216.02,19.71,87.41,5.58,134.9,apple,15819.1
27.73,47.03,27.36,27.96,88.54,7.14,47.07,mungbean,1459.44
22.9,11.66,8.92,25.63,89.18,6.93,85.68,orange,10417.89
63.78,48.93,41.53,24.48,75.58,6.91,150.69,jute,4587.51
107.91,80.63,49.27,31.7,84.75,5.72,107.0,banana,40388.21
20.53,152.68,199.94,23.4,89.74,5.95,119.5,apple,13961.86
104.96,7.84,44.93,23.8,86.97,6.61,41.57,watermelon,24397.36
45.44,66.12,80.19,14.49,23.09,8.07,75.35,chickpea,1981.19
20.96,26.57,29.53,31.36,43.43,5.71,98.27,mango,10479.34
24.3,15.1,7.64,21.17,96.11,7.02,148.61,orange,13061.72
37.5,70.72,18.83,29.61,67.05,6.82,90.4,blackgram,1144.71
92.43,22.43,42.77,27.33,89.91,6.15,23.6,muskmelon,14774.12
12.88,57.44,19.18,29.4,48.82,6.89,37.97,mothbeans,1273.03
85.43,45.68,37.67,23.48,72.43,5.14,183.13,rice,5041.7
25.6,53.09,17.03,26.77,47.8,7.01,65.49,mothbeans,1189.57
19.98,157.04,205.61,22.74,93.08,5.92,66.34,apple,13019.7
24.54,26.06,36.63,30.67,45.14,6.35,58.5,mango,8845.17
113.85,38.32,33.31,21.59,68.21,6.12,74.9,cotton,3489.2
83.05,19.1,46.52,29.73,94.09,6.94,29.54,muskmelon,18721.92
47.53,57.47,50.03,33.79,91.46,6.39,114.04,papaya,47708.95
112.75,89.4,46.69,27.17,77.34,5.75,124.11,banana,36931.49
105.07,51.31,42.95,25.15,81.37,6.26,178.93,jute,3285.82
17.85,127.07,208.65,23.88,95.66,5.58,125.92,apple,13248.08
22.84,14.25,33.28,29.27,97.21,5.91,160.68,coconut,7313.5
27.12,49.69,17.04,29.95,53.0,7.01,29.46,mothbeans,1329.85
19.14,40.61,21.29,31.78,48.58,6.57,42.29,mothbeans,1392.5
13.46,26.54,25.67,32.81,52.03,5.68,79.05,mango,10347.08
41.1,74.09,74.87,15.85,17.31,7.85,75.91,chickpea,1593.07
15.48,52.1,20.92,27.16,43.48,7.23,38.72,mothbeans,1133.76
99.36,7.57,53.24,25.08,85.83,6.29,67.41,watermelon,38533.15
109.08,11.29,44.46,26.36,86.45,7.2,54.04,watermelon,27789.47
13.81,45.42,19.37,28.88,91.34,6.69,34.78,mungbean,1579.22
23.13,31.11,26.79,33.22,51.38,5.97,98.72,mango,11377.37
17.1,14.3,10.4,23.02,87.23,6.99,98.27,orange,11934.16
12.14,66.45,24.41,25.08,68.1,6.79,39.44,lentil,1809.57
20.0,145.35,201.43,27.46,84.07,6.07,70.02,grapes,23028.4
112.52,9.75,48.17,24.31,89.29,6.61,52.91,watermelon,31143.51
96.89,9.66,42.07,25.71,88.24,6.65,60.39,watermelon,29281.41
102.61,12.64,52.87,25.12,88.2,6.64,57.54,watermelon,21109.21
129.07,51.53,34.11,26.43,58.47,7.03,86.6,cotton,2333.07
103.41,16.92,48.76,28.08,88.57,6.27,16.08,muskmelon,15339.87
29.09,137.12,209.68,22.88,91.21,6.19,108.18,apple,14973.2
25.05,128.74,178.58,22.18,84.27,6.32,72.91,grapes,23833.76
84.0,45.89,37.33,27.25,80.7,6.8,203.86,jute,3620.78
76.42,48.59,42.05,26.28,72.22,6.52,166.89,jute,3225.9
19.75,130.5,200.39,22.5,91.56,5.81,83.65,apple,15846.05
17.4,19.14,39.8,20.81,90.78,6.66,82.01,pomegranate,13741.42
10.64,53.84,16.12,26.29,82.98,6.78,48.43,mungbean,1424.96
119.93,20.25,53.92,26.84,97.84,6.58,29.27,muskmelon,15603.9
50.77,60.45,55.71,31.52,91.34,7.19,138.06,papaya,30665.7
23.31,15.53,9.83,24.18,96.99,7.39,88.67,orange,12540.5
103.35,79.1,42.36,26.56,81.17,5.88,71.69,banana,39187.1
21.7,13.42,37.02,22.64,88.6,6.26,127.37,pomegranate,9167.35
17.62,63.87,16.56,25.3,47.62,5.29,152.82,pigeonpeas,2143.67
23.75,118.83,209.02,25.72,91.36,5.72,126.21,apple,13264.62
18.79,16.77,11.25,25.92,87.02,7.25,124.86,orange,12404.8
25.84,20.35,29.66,26.1,99.52,6.12,180.13,coconut,7904.41
74.29,43.84,42.36,21.9,85.16,6.1,154.53,rice,6928.18
17.71,16.83,38.92,21.67,89.49,6.48,72.82,pomegranate,12257.91
28.04,67.9,21.45,25.64,46.9,5.98,117.89,pigeonpeas,2124.8
31.38,71.47,25.83,31.78,63.98,6.91,74.66,blackgram,1230.44
94.78,8.51,42.46,26.98,84.13,6.13,41.74,watermelon,25025.79
53.66,60.73,53.48,30.68,96.3,6.57,120.0,papaya,34117.87
22.19,19.33,40.16,20.68,90.99,6.72,119.18,pomegranate,11033.2
88.01,44.65,26.96,21.5,66.44,6.13,82.31,maize,7806.5
30.84,62.74,94.97,23.57,17.69,7.13,104.44,chickpea,1904.18
39.03,71.72,23.21,29.46,66.09,6.75,78.55,blackgram,1156.94
40.97,61.65,82.87,15.5,16.09,7.26,57.01,chickpea,2349.68
79.86,51.31,41.42,25.12,85.64,7.08,140.34,jute,3172.54
16.69,14.06,41.1,20.05,87.49,6.17,162.37,pomegranate,10499.61
110.67,9.3,38.74,24.62,84.22,6.43,43.73,watermelon,28040.01
22.85,64.15,25.72,24.37,66.26,6.31,23.97,lentil,1424.11
106.94,20.17,56.8,25.96,92.48,6.67,27.21,muskmelon,14735.72
59.7,62.95,48.5,32.87,89.5,6.96,153.33,papaya,31979.2
38.71,69.39,15.33,28.01,68.44,6.87,55.19,blackgram,1051.72
22.68,18.21,9.4,24.78,90.93,7.45,118.68,orange,12712.54
21.74,63.51,17.56,30.15,50.48,6.42,172.6,pigeonpeas,2448.04
21.16,52.36,23.66,27.38,87.02,6.69,40.46,mungbean,1739.05
47.18,55.91,54.23,31.23,86.73,6.11,112.59,papaya,40552.72
97.01,47.7,16.46,18.97,55.98,5.21,90.34,maize,6935.75
133.33,49.94,47.84,24.09,60.81,6.39,55.03,cotton,3239.98
18.56,7.65,9.95,20.52,97.07,6.82,88.05,orange,12436.05
40.98,67.51,84.36,10.4,20.05,7.54,69.66,chickpea,2247.51
15.93,72.12,21.13,20.04,19.07,6.09,118.29,kidneybeans,2428.08
23.02,141.16,181.17,19.07,92.0,6.34,147.99,apple,14563.94
28.92,70.51,55.07,15.1,22.89,7.33,55.39,chickpea,1445.95
90.38,19.3,46.57,25.02,89.21,6.27,27.61,muskmelon,19091.43
95.7,95.42,43.67,25.02,76.57,5.75,99.64,banana,38073.0
101.51,8.28,50.14,26.5,84.73,6.38,52.03,watermelon,31704.82
110.62,41.49,45.43,22.3,61.16,6.09,72.44,cotton,3423.81
86.31,96.12,46.13,26.55,81.65,5.83,107.87,banana,43634.56
25.02,124.61,189.79,25.36,87.21,6.17,97.45,grapes,25838.94
82.36,51.85,32.61,25.29,83.69,5.79,218.98,rice,7235.54
143.2,45.67,40.03,21.56,55.87,6.61,89.82,cotton,2429.76
95.79,85.58,52.29,29.71,85.99,5.91,131.0,banana,39789.2
20.51,65.59,11.09,15.54,22.68,5.53,93.94,kidneybeans,2703.27
37.98,77.96,71.68,16.35,17.56,7.75,76.12,chickpea,1301.62
16.97,45.37,13.39,28.82,88.33,6.3,44.45,mungbean,1122.23
24.44,45.82,15.79,27.04,84.78,7.1,29.66,mungbean,1436.74
15.66,20.98,30.59,17.95,89.95,6.59,116.69,pomegranate,10616.92
41.94,62.13,25.56,29.86,65.43,6.92,79.59,blackgram,1280.28
35.09,68.29,84.47,16.97,18.51,7.21,69.9,chickpea,1937.95
16.71,12.89,38.76,20.04,88.45,6.63,120.17,pomegranate,11781.44
27.12,30.51,30.54,28.44,43.87,5.7,101.73,mango,9114.03
14.84,70.98,17.05,19.74,22.22,5.25,89.42,kidneybeans,3109.01
41.51,67.82,11.31,30.04,71.05,6.82,74.18,blackgram,1266.06
21.15,62.19,18.21,25.91,63.5,7.04,44.6,lentil,1618.98
21.52,11.85,29.38,26.8,92.54,6.01,180.6,coconut,7585.79
86.95,45.58,20.73,25.22,69.48,5.87,67.18,maize,5183.69
85.21,51.54,56.51,20.72,63.01,6.78,48.59,wheat,5133.91
117.1,21.49,49.23,29.43,90.82,6.51,23.19,muskmelon,18347.68
25.79,47.47,26.17,27.98,83.06,7.09,44.08,mungbean,1121.73
104.31,18.71,53.84,29.08,94.15,6.91,29.42,muskmelon,16974.51
98.31,84.27,49.49,22.05,82.51,6.46,107.33,banana,37872.49
22.83,15.18,30.96,22.24,91.04,6.2,76.41,pomegranate,12625.34
96.2,19.67,54.3,28.76,89.49,6.45,29.74,muskmelon,14064.39
17.23,14.18,28.32,24.6,96.5,5.9,170.71,coconut,5872.6
92.78,45.04,42.74,22.6,80.91,6.55,224.76,rice,6360.02
21.12,49.6,25.01,31.12,75.24,6.31,62.09,mungbean,1310.02
94.56,11.65,40.69,23.93,82.58,6.01,64.95,watermelon,22625.19
19.1,134.18,194.69,25.68,81.21,5.98,76.29,grapes,28275.9
65.77,43.43,38.61,29.82,75.58,6.67,161.55,jute,3615.45
26.15,124.15,188.41,19.96,82.85,5.95,51.17,grapes,21414.92
122.42,38.73,39.67,27.27,56.23,6.77,49.82,cotton,2006.69
82.66,52.94,19.62,21.36,65.76,5.58,126.79,maize,5765.38
120.16,48.86,42.96,24.11,68.63,7.07,84.51,cotton,2716.05
15.06,46.01,22.67,28.18,48.74,6.8,35.68,mothbeans,1513.95
30.53,20.82,26.0,31.03,48.17,5.37,75.84,mango,7943.55
119.4,52.27,41.05,24.76,70.05,6.6,56.42,cotton,2908.3
8.82,51.42,15.93,28.35,46.75,6.72,51.34,mothbeans,1227.74
95.79,18.27,49.81,26.32,97.05,6.05,28.59,muskmelon,17412.08
14.6,28.14,32.86,29.46,57.6,5.61,125.6,mango,8875.17
52.64,61.64,46.81,33.3,84.41,6.91,146.99,papaya,35272.68
19.31,65.88,18.47,30.09,46.32,5.4,163.87,pigeonpeas,2138.63
89.89,53.17,53.55,21.23,48.79,6.84,103.5,wheat,4835.42
45.26,57.73,44.22,27.86,95.08,6.7,173.95,papaya,36209.72
13.87,66.28,25.71,26.31,64.14,6.68,55.56,lentil,1790.93
114.34,45.62,43.48,25.12,61.74,6.46,77.3,cotton,3004.15
20.77,19.22,35.93,18.67,85.62,6.56,118.45,pomegranate,12133.58
21.45,58.02,14.39,21.86,21.6,5.54,77.83,kidneybeans,2020.69
8.54,45.5,25.99,26.38,83.88,6.39,66.84,mungbean,1590.65
64.85,45.77,44.28,23.43,75.77,6.09,211.56,rice,4970.79
20.01,73.35,26.36,19.78,20.84,5.68,111.76,kidneybeans,2899.19
114.34,74.91,53.36,24.64,87.02,6.07,123.99,banana,33936.04
17.41,65.82,25.24,21.86,66.73,6.78,38.38,lentil,2261.8
14.65,29.06,28.01,26.02,53.3,5.36,74.04,mango,10181.38
103.76,16.39,42.58,31.36,92.32,6.41,23.0,muskmelon,13366.14
17.85,50.16,16.41,23.94,78.39,6.71,37.69,mungbean,1345.91
18.7,122.75,192.57,23.43,86.32,5.76,149.41,apple,11837.93
92.59,51.41,48.52,19.81,46.23,6.36,49.61,wheat,4955.41
74.02,56.43,28.55,26.57,83.56,6.86,179.41,jute,3524.16
92.19,9.02,39.74,23.55,82.2,6.45,51.32,watermelon,28852.72
30.44,67.66,66.32,23.96,20.73,7.53,91.96,chickpea,1330.24
13.37,31.04,35.93,32.8,46.53,5.8,69.45,mango,10345.15
8.07,65.52,25.49,16.87,12.98,5.87,109.87,kidneybeans,1855.03
76.53,44.55,48.55,25.85,89.85,7.08,217.58,jute,2917.22
22.45,140.32,207.1,22.2,94.09,5.07,116.22,apple,13007.86
19.78,15.43,38.08,22.11,96.16,6.68,116.45,pomegranate,11994.78
117.7,89.28,53.2,27.71,76.69,5.94,103.44,banana,44178.34
25.73,26.81,31.04,32.97,57.46,5.61,100.34,mango,11665.2
43.55,67.3,16.84,31.2,66.93,6.76,89.29,blackgram,1214.68
